Lcore 0,,,,Lcore 1,,,,Lcore 2,,,,Aggregate statistics,,,,,,,,,,
Current TX rate (PPS),Current RX rate (PPS),Current Drop rate (PPS),,Current TX rate (PPS),Current RX rate (PPS),Current Drop rate (PPS),,Current TX rate (PPS),Current RX rate (PPS),Current Drop rate (PPS),,Total TX rate (PPS),Total RX rate (PPS),Total Drop rate (PPS),Total TX bytes rate,Total RX bytes rate,Total rx H/w drops rate,Total error pkt rate,Total failed transmission rate,Total rx mbuf failure rate
0,0,0,,0,0,0,,0,0,0,,0,0,0,0,0,0,0,0,0,
0,0,0,,0,0,0,,0,0,0,,0,0,0,0,0,0,0,0,0,
0,0,0,,0,0,0,,0,0,0,,0,0,0,0,0,0,0,0,0,
0,0,0,,0,0,0,,0,0,0,,0,0,0,0,0,0,0,0,0,
0,0,0,,0,0,0,,0,0,0,,0,0,0,0,0,0,0,0,0,
1048004,1048004,0,,3806515,3806547,0,,549965,549988,0,,5404484,5404539,0,1037671488,1037681280,2577777,0,0,0,
3911925,3911925,0,,14061901,14061901,0,,2052996,2052973,0,,20026822,20026799,0,3845145408,3845142528,9808919,0,0,0,
3911619,3911619,0,,14067364,14067364,0,,2052887,2052887,0,,20031870,20031870,0,3846119232,3846113280,9798865,0,0,0,
3914378,3914378,0,,14075030,14075030,0,,2054204,2054204,0,,20043612,20043612,0,3848373312,3848379648,9812055,0,0,0,
3915576,3915576,0,,14065017,14065017,0,,2054892,2054892,0,,20035485,20035485,0,3846813120,3846818496,9826861,0,0,0,
3915576,3915576,0,,14041725,14041725,0,,2054894,2054895,0,,20012195,20012196,0,3842341824,3842338368,9850154,0,0,0,
3915601,3915601,0,,14065916,14065916,0,,2054900,2054899,0,,20036417,20036416,0,3846993216,3846989568,9826108,0,0,0,
3915646,3915646,0,,14058388,14058356,0,,2054931,2054931,0,,20028965,20028933,0,3845556096,3845563968,9833653,0,0,0,
3915711,3915711,0,,14058092,14058124,0,,2054984,2054996,0,,20028787,20028831,0,3845533056,3845526912,9834043,0,0,0,
3915494,3915494,0,,14061608,14061608,0,,2054838,2054826,0,,20031940,20031928,0,3846130176,3846129024,9830078,0,0,0,
3915448,3915448,0,,14074356,14074356,0,,2054810,2054810,0,,20044614,20044614,0,3848566080,3848567040,9817178,0,0,0,
3915610,3915610,0,,14063976,14063976,0,,2054922,2054922,0,,20034508,20034508,0,3846620544,3846624192,9828049,0,0,0,
3915498,3915498,0,,14063062,14063061,0,,2054821,2054821,0,,20033381,20033380,0,3846414144,3846409344,9828116,0,0,0,
3915580,3915580,0,,14062827,14062828,0,,2054901,2054901,0,,20033308,20033309,0,3846394944,3846395136,9829159,0,0,0,
3915526,3915526,0,,14066998,14066998,0,,2054866,2054866,0,,20037390,20037390,0,3847172928,3847179264,9824678,0,0,0,
3915452,3915452,0,,14057876,14057844,0,,2054835,2054835,0,,20028163,20028131,0,3845407296,3845401920,9832962,0,0,0,
3915559,3915559,0,,14064190,14064220,0,,2054880,2054881,0,,20034629,20034660,0,3846654528,3846657024,9827328,0,0,0,
3915434,3915434,0,,14067823,14067825,0,,2054814,2054814,0,,20038071,20038073,0,3847310016,3847300608,9822398,0,0,0,
3915580,3915580,0,,14060376,14060376,0,,2054897,2054896,0,,20030853,20030852,0,3845917440,3845929152,9831574,0,0,0,
3915563,3915563,0,,14066679,14066679,0,,2054876,2054876,0,,20037118,20037118,0,3847132992,3847128000,9824747,0,0,0,
3915262,3915262,0,,14067735,14067735,0,,2054801,2054804,0,,20037798,20037801,0,3847257600,3847251648,9822103,0,0,0,
3915292,3915292,0,,14063797,14063797,0,,2054800,2054797,0,,20033889,20033886,0,3846506112,3846513408,9826203,0,0,0,
3915601,3915601,0,,14069134,14069134,0,,2054894,2054895,0,,20039629,20039630,0,3847603392,3847607424,9822846,0,0,0,
3915495,3915495,0,,14066699,14066699,0,,2054840,2054853,0,,20037034,20037047,0,3847119936,3847110912,9824914,0,0,0,
1393725,1393725,0,,5015855,5015823,0,,731322,731308,0,,7140902,7140856,0,1371043008,1371039744,3496536,0,0,0,
0,0,0,,0,0,0,,0,0,0,,0,0,0,0,0,0,0,0,0,
1758779,1758779,0,,10728275,10728298,0,,923058,923058,0,,13410112,13410135,0,2574748032,2574760320,0,0,0,0,
1958426,1958426,0,,11950627,11950633,0,,1027830,1027830,0,,14936883,14936889,0,2867881152,2867871168,0,0,0,0,
1958482,1958482,0,,11950945,11950948,0,,1027695,1027695,0,,14937122,14937125,0,2867921280,2867931264,0,0,0,0,
1958402,1958402,0,,11949742,11949710,0,,1027787,1027787,0,,14935931,14935899,0,2867698752,2867692608,0,0,0,0,
1958702,1958702,0,,11950504,11950531,0,,1027962,1027962,0,,14937168,14937195,0,2867937024,2867936064,0,0,0,0,
1958540,1958540,0,,11950465,11950470,0,,1027853,1027853,0,,14936858,14936863,0,2867882112,2867882880,0,0,0,0,
1958292,1958292,0,,11950728,11950696,0,,1027654,1027654,0,,14936674,14936642,0,2867835264,2867842368,0,0,0,0,
1958770,1958770,0,,11949659,11949659,0,,1027975,1027975,0,,14936404,14936404,0,2867789568,2867776704,0,0,0,0,
1958391,1958391,0,,11950705,11950705,0,,1027825,1027825,0,,14936921,14936921,0,2867891136,2867891904,0,0,0,0,
1958506,1958506,0,,11950259,11950259,0,,1027792,1027792,0,,14936557,14936557,0,2867818368,2867823936,0,0,0,0,
1958381,1958381,0,,11951010,11951042,0,,1027698,1027698,0,,14937089,14937121,0,2867925504,2867924544,0,0,0,0,
1958905,1958905,0,,11949922,11949922,0,,1028068,1028068,0,,14936895,14936895,0,2867883840,2867880192,0,0,0,0,
1958336,1958336,0,,11950780,11950780,0,,1027808,1027808,0,,14936924,14936924,0,2867889408,2867889984,0,0,0,0,
1958551,1958551,0,,11950693,11950691,0,,1027744,1027747,0,,14936988,14936989,0,2867901888,2867899392,0,0,0,0,
1958481,1958481,0,,11950658,11950628,0,,1027823,1027820,0,,14936962,14936929,0,2867890368,2867890368,0,0,0,0,
1958709,1958709,0,,11950095,11950121,0,,1027970,1027970,0,,14936774,14936800,0,2867865600,2867865600,0,0,0,0,
1958560,1958560,0,,11950629,11950635,0,,1027844,1027844,0,,14937033,14937039,0,2867911488,2867911488,0,0,0,0,
1958314,1958314,0,,11951209,11951205,0,,1027682,1027684,0,,14937205,14937203,0,2867943168,2867945664,0,0,0,0,
1958903,1958903,0,,11950110,11950114,0,,1028065,1028063,0,,14937078,14937080,0,2867919168,2867920896,0,0,0,0,
1958341,1958341,0,,11950916,11950916,0,,1027801,1027801,0,,14937058,14937058,0,2867915136,2867914752,0,0,0,0,
1958570,1958570,0,,11950754,11950742,0,,1027798,1027798,0,,14937122,14937110,0,2867925120,2867921472,0,0,0,0,
1958301,1958301,0,,11950930,11950910,0,,1027687,1027687,0,,14936918,14936898,0,2867884416,2867892480,0,0,0,0,
1959000,1959000,0,,11950138,11950138,0,,1028120,1028120,0,,14937258,14937258,0,2867953536,2867957568,0,0,0,0,
1466115,1466115,0,,8947403,8947403,0,,769380,769380,0,,11182898,11182898,0,2147116416,2147104128,0,0,0,0,
0,0,0,,0,0,0,,0,0,0,,0,0,0,0,0,0,0,0,0,
1572572,1572572,0,,7482641,7482673,0,,825376,825376,0,,9880589,9880621,0,1897079232,1897091328,2102603,0,0,0,
2955776,2955776,0,,14066341,14066341,0,,1551149,1551149,0,,18573266,18573266,0,3566067072,3566059200,3968924,0,0,0,
2955807,2955807,0,,14064883,14064883,0,,1551201,1551201,0,,18571891,18571891,0,3565803264,3565804608,3970213,0,0,0,
2955810,2955810,0,,14063088,14063088,0,,1551217,1551228,0,,18570115,18570126,0,3565464000,3565470336,3972334,0,0,0,
2955766,2955766,0,,14067196,14067196,0,,1551149,1551138,0,,18574111,18574100,0,3566227200,3566221440,3967714,0,0,0,
2955697,2955697,0,,14067072,14067069,0,,1551173,1551173,0,,18573942,18573939,0,3566196288,3566190336,3967983,0,0,0,
2955707,2955707,0,,14069928,14069899,0,,1551096,1551096,0,,18576731,18576702,0,3566727552,3566732928,3965441,0,0,0,
2955639,2955639,0,,14070335,14070367,0,,1551091,1551105,0,,18577065,18577111,0,3566798400,3566800704,3965064,0,0,0,
2955535,2955535,0,,14071959,14071959,0,,1551098,1551084,0,,18578592,18578578,0,3567093120,3567096576,3963448,0,0,0,
2955702,2955702,0,,14072753,14072721,0,,1551143,1551143,0,,18579598,18579566,0,3567276672,3567273216,3962472,0,0,0,
2955759,2955759,0,,14064301,14064331,0,,1551183,1551183,0,,18571243,18571273,0,3565684416,3565679040,3970721,0,0,0,
2955802,2955802,0,,14073248,14073249,0,,1551207,1551207,0,,18580257,18580258,0,3567403584,3567407040,3961924,0,0,0,
2955761,2955761,0,,14070466,14070464,0,,1551178,1551178,0,,18577405,18577403,0,3566867328,3566870784,3964237,0,0,0,
2955840,2955840,0,,14071798,14071769,0,,1551217,1551217,0,,18578855,18578826,0,3567134592,3567137664,3963651,0,0,0,
2955663,2955663,0,,14065055,14065087,0,,1551179,1551180,0,,18571897,18571930,0,3565810560,3565809792,3969575,0,0,0,
2955755,2955755,0,,14070973,14070973,0,,1551198,1551200,0,,18577926,18577928,0,3566962944,3566957760,3964037,0,0,0,
2955661,2955661,0,,14072132,14072132,0,,1551180,1551177,0,,18578973,18578970,0,3567161472,3567161856,3962497,0,0,0,
2955648,2955648,0,,14067475,14067475,0,,1551116,1551116,0,,18574239,18574239,0,3566253888,3566253312,3967528,0,0,0,
2955713,2955713,0,,14066504,14066504,0,,1551157,1551157,0,,18573374,18573374,0,3566087808,3566082240,3968663,0,0,0,
2955750,2955750,0,,14071223,14071223,0,,1551120,1551130,0,,18578093,18578103,0,3566995776,3567002304,3963545,0,0,0,
2955752,2955752,0,,14072264,14072262,0,,1551190,1551180,0,,18579206,18579194,0,3567205248,3567198528,3962303,0,0,0,
2955727,2955727,0,,14072812,14072814,0,,1551138,1551138,0,,18579677,18579679,0,3567298560,3567300672,3961963,0,0,0,
2955668,2955668,0,,14065842,14065810,0,,1551104,1551110,0,,18572614,18572588,0,3565936704,3565940160,3969073,0,0,0,
2955571,2955571,0,,14068272,14068304,0,,1551039,1551033,0,,18574882,18574908,0,3566382336,3566385600,3966930,0,0,0,
401838,401838,0,,1922504,1922472,0,,210964,210964,0,,2535306,2535274,0,486772608,486763200,536670,0,0,0,
295619,295619,0,,1705316,1705348,0,,155186,155186,0,,2156121,2156153,0,413981376,413981760,88524,0,0,0,
2447990,2447990,0,,14156114,14156082,0,,1284751,1284751,0,,17888855,17888823,0,3434654016,3434659776,780817,0,0,0,
2448083,2448083,0,,14154354,14154386,0,,1284697,1284697,0,,17887134,17887166,0,3434329728,3434332224,782654,0,0,0,
2447663,2447663,0,,14152108,14152108,0,,1284485,1284485,0,,17884256,17884256,0,3433777344,3433776000,784944,0,0,0,
2448114,2448114,0,,14153528,14153528,0,,1284771,1284771,0,,17886413,17886413,0,3434191296,3434191680,782989,0,0,0,
2448025,2448025,0,,14155448,14155448,0,,1284834,1284834,0,,17888307,17888307,0,3434554752,3434555520,781208,0,0,0,
2448031,2448031,0,,14155824,14155792,0,,1284668,1284668,0,,17888523,17888491,0,3434596416,3434595648,781286,0,0,0,
2447997,2447997,0,,14153984,14154016,0,,1284647,1284664,0,,17886628,17886677,0,3434241984,3434244288,783221,0,0,0,
2447759,2447759,0,,14149984,14149952,0,,1284592,1284575,0,,17882335,17882286,0,3433399296,3433401216,787006,0,0,0,
2448127,2448127,0,,14153468,14153468,0,,1284838,1284838,0,,17886433,17886433,0,3434194944,3434189184,783056,0,0,0,
2447905,2447905,0,,14152553,14152584,0,,1284670,1284675,0,,17885128,17885164,0,3433951296,3433945152,784252,0,0,0,
2448099,2448099,0,,14155346,14155315,0,,1284695,1284690,0,,17888140,17888104,0,3434515968,3434523072,781602,0,0,0,
2447643,2447643,0,,14151965,14151997,0,,1284504,1284504,0,,17884112,17884144,0,3433755840,3433751232,785053,0,0,0,
2448165,2448165,0,,14152175,14152175,0,,1284841,1284841,0,,17885181,17885181,0,3433955904,3433958976,784465,0,0,0,
2447917,2447917,0,,14149793,14149793,0,,1284728,1284728,0,,17882438,17882438,0,3433426752,3433427712,787194,0,0,0,
2448183,2448183,0,,14148410,14148407,0,,1284733,1284738,0,,17881326,17881328,0,3433214976,3433208448,788672,0,0,0,
2447554,2447554,0,,14155038,14155041,0,,1284467,1284462,0,,17887059,17887057,0,3434315136,3434321280,782203,0,0,0,
2448233,2448233,0,,14154097,14154096,0,,1284813,1284813,0,,17887143,17887142,0,3434331456,3434331456,782533,0,0,0,
2448073,2448073,0,,14150269,14150270,0,,1284845,1284845,0,,17883187,17883188,0,3433571712,3433572480,786579,0,0,0,
2448011,2448011,0,,14152734,14152733,0,,1284667,1284667,0,,17885412,17885411,0,3433998912,3434005056,784510,0,0,0,
2447966,2447966,0,,14154608,14154609,0,,1284637,1284637,0,,17887211,17887212,0,3434344704,3434331648,782406,0,0,0,
2447762,2447762,0,,14147008,14147008,0,,1284584,1284584,0,,17879354,17879354,0,3432835968,3432842496,789622,0,0,0,
2448125,2448125,0,,14148006,14148004,0,,1284844,1284844,0,,17880975,17880973,0,3433141056,3433140288,788662,0,0,0,
2447921,2447921,0,,14148226,14148228,0,,1284676,1284676,0,,17880823,17880825,0,3433124160,3433130688,788793,0,0,0,
1310408,1310408,0,,7578724,7578692,0,,687655,687655,0,,9576787,9576755,0,1838736960,1838724672,423860,0,0,0,
0,0,0,,0,0,0,,0,0,0,,0,0,0,0,0,0,0,0,0,
1592508,1592508,0,,9714690,9714722,0,,835779,835784,0,,12142977,12143014,0,2331452544,2331464640,0,0,0,0,
2206643,2206643,0,,13464716,13464716,0,,1158109,1158104,0,,16829468,16829463,0,3231263040,3231256704,0,0,0,0,
2206904,2206904,0,,13464618,13464618,0,,1158109,1158109,0,,16829631,16829631,0,3231283776,3231289152,0,0,0,0,
2206412,2206412,0,,13465401,13465398,0,,1157909,1157909,0,,16829722,16829719,0,3231311424,3231300480,0,0,0,0,
2206852,2206852,0,,13464705,13464676,0,,1158127,1158133,0,,16829684,16829661,0,3231300672,3231300480,0,0,0,0,
2206864,2206864,0,,13464642,13464674,0,,1158219,1158215,0,,16829725,16829753,0,3231306816,3231312576,0,0,0,0,
2206575,2206575,0,,13464160,13464160,0,,1158013,1158011,0,,16828748,16828746,0,3231113088,3231120768,0,0,0,0,
2206848,2206848,0,,13465022,13465022,0,,1158115,1158115,0,,16829985,16829985,0,3231363264,3231349824,0,0,0,0,
2206401,2206401,0,,13465272,13465272,0,,1157896,1157896,0,,16829569,16829569,0,3231277248,3231283200,0,0,0,0,
2206723,2206723,0,,13463465,13463465,0,,1158159,1158159,0,,16828347,16828347,0,3231036480,3231040128,0,0,0,0,
2206666,2206666,0,,13464797,13464797,0,,1158097,1158097,0,,16829560,16829560,0,3231281664,3231279744,0,0,0,0,
2206926,2206926,0,,13464807,13464807,0,,1158130,1158132,0,,16829863,16829865,0,3231334080,3231330240,0,0,0,0,
2206259,2206259,0,,13465209,13465209,0,,1157818,1157816,0,,16829286,16829284,0,3231216384,3231226752,0,0,0,0,
2206962,2206962,0,,13464687,13464685,0,,1158204,1158204,0,,16829853,16829851,0,3231337536,3231329664,0,0,0,0,
2206726,2206726,0,,13464389,13464389,0,,1158195,1158195,0,,16829310,16829310,0,3231227520,3231230784,0,0,0,0,
2206752,2206752,0,,13464301,13464303,0,,1158044,1158044,0,,16829097,16829099,0,3231187008,3231185664,0,0,0,0,
2206597,2206597,0,,13464811,13464811,0,,1157925,1157925,0,,16829333,16829333,0,3231231936,3231224064,0,0,0,0,
2206551,2206551,0,,13464756,13464756,0,,1158038,1158041,0,,16829345,16829348,0,3231234816,3231235776,0,0,0,0,
2206828,2206828,0,,13464216,13464216,0,,1158196,1158193,0,,16829240,16829237,0,3231213504,3231215808,0,0,0,0,
2206636,2206636,0,,13464737,13464737,0,,1158068,1158068,0,,16829441,16829441,0,3231252672,3231249024,0,0,0,0,
2206845,2206845,0,,13464626,13464626,0,,1158122,1158122,0,,16829593,16829593,0,3231281856,3231287808,0,0,0,0,
2206373,2206373,0,,13465120,13465088,0,,1157840,1157840,0,,16829333,16829301,0,3231225984,3231227520,0,0,0,0,
2206856,2206856,0,,13464737,13464737,0,,1158221,1158221,0,,16829814,16829814,0,3231324096,3231322752,0,0,0,0,
2029907,2029907,0,,12386523,12386523,0,,1065254,1065254,0,,15481684,15481684,0,2972483328,2972477184,0,0,0,0,
0,0,0,,0,0,0,,0,0,0,,0,0,0,0,0,0,0,0,0,
794942,794942,0,,4809485,4809517,0,,417174,417174,0,,6021601,6021633,0,1156153536,1156161984,31633,0,0,0,
2338496,2338496,0,,14175453,14175453,0,,1227304,1227304,0,,17741253,17741253,0,3406320576,3406317696,92818,0,0,0,
2338270,2338270,0,,14180666,14180666,0,,1227160,1227166,0,,17746096,17746102,0,3407251584,3407252352,87313,0,0,0,
2338570,2338570,0,,14180206,14180206,0,,1227213,1227207,0,,17745989,17745983,0,3407229312,3407233728,87987,0,0,0,
2338038,2338038,0,,14179465,14179433,0,,1226986,1226990,0,,17744489,17744461,0,3406935936,3406941696,88785,0,0,0,
2338505,2338505,0,,14177853,14177853,0,,1227230,1227226,0,,17743588,17743584,0,3406768128,3406758720,90347,0,0,0,
2338499,2338499,0,,14183041,14183073,0,,1227307,1227307,0,,17748847,17748879,0,3407784768,3407790720,85253,0,0,0,
2338376,2338376,0,,14179440,14179440,0,,1227204,1227204,0,,17745020,17745020,0,3407038080,3407031168,89313,0,0,0,
2338561,2338561,0,,14181888,14181888,0,,1227246,1227246,0,,17747695,17747695,0,3407563200,3407572416,86252,0,0,0,
2337919,2337919,0,,14174351,14174351,0,,1226876,1226876,0,,17739146,17739146,0,3405916032,3405909504,93155,0,0,0,
2338525,2338525,0,,14182199,14182167,0,,1227247,1227247,0,,17747971,17747939,0,3407605056,3407608704,85891,0,0,0,
2338467,2338467,0,,14179378,14179410,0,,1227308,1227308,0,,17745153,17745185,0,3407074752,3407067648,88709,0,0,0,
2338320,2338320,0,,14178226,14178224,0,,1227190,1227191,0,,17743736,17743735,0,3406791360,3406791744,90433,0,0,0,
2338579,2338579,0,,14174913,14174915,0,,1227206,1227205,0,,17740698,17740699,0,3406219968,3406221504,93272,0,0,0,
2338213,2338213,0,,14181073,14181073,0,,1227073,1227073,0,,17746359,17746359,0,3407300928,3407299584,87454,0,0,0,
2338339,2338339,0,,14182028,14182028,0,,1227151,1227151,0,,17747518,17747518,0,3407523648,3407521536,86079,0,0,0,
2338508,2338508,0,,14177267,14177267,0,,1227294,1227294,0,,17743069,17743069,0,3406669056,3406668864,90989,0,0,0,
2338360,2338360,0,,14178713,14178712,0,,1227226,1227241,0,,17744299,17744313,0,3406908096,3406910208,89912,0,0,0,
2338537,2338537,0,,14185164,14185165,0,,1227203,1227205,0,,17750904,17750907,0,3408174144,3408176832,82770,0,0,0,
2338230,2338230,0,,14183292,14183289,0,,1227040,1227023,0,,17748562,17748542,0,3407720064,3407726016,84911,0,0,0,
2338267,2338267,0,,14179094,14179097,0,,1227142,1227142,0,,17744503,17744506,0,3406945152,3406935360,89129,0,0,0,
2338494,2338494,0,,14181166,14181166,0,,1227285,1227285,0,,17746945,17746945,0,3407413440,3407417664,86861,0,0,0,
2338338,2338338,0,,14178372,14178371,0,,1227201,1227201,0,,17743911,17743910,0,3406830720,3406830528,90012,0,0,0,
2338583,2338583,0,,14176294,14176295,0,,1227260,1227260,0,,17742137,17742138,0,3406490496,3406485120,92051,0,0,0,
700081,700081,0,,4251307,4251275,0,,367402,367402,0,,5318790,5318758,0,1021201536,1021198272,28456,0,0,0,
0,0,0,,0,0,0,,0,0,0,,0,0,0,0,0,0,0,0,0,
2274033,2274033,0,,13455930,13455962,0,,1193451,1193451,0,,16923414,16923446,0,3249295488,3249304512,408789,0,0,0,
2391775,2391775,0,,14161279,14161279,0,,1255250,1255250,0,,17808304,17808304,0,3419200896,3419199168,433588,0,0,0,
2391862,2391862,0,,14168859,14168859,0,,1255152,1255152,0,,17815873,17815873,0,3420647232,3420643584,426232,0,0,0,
2392098,2392098,0,,14161187,14161155,0,,1255384,1255386,0,,17808669,17808639,0,3419258688,3419272704,433528,0,0,0,
2391665,2391665,0,,14162346,14162346,0,,1255238,1255236,0,,17809249,17809247,0,3419375424,3419372736,432052,0,0,0,
2391955,2391955,0,,14166774,14166806,0,,1255186,1255186,0,,17813915,17813947,0,3420271680,3420265536,428212,0,0,0,
2392118,2392118,0,,14169504,14169504,0,,1255411,1255411,0,,17817033,17817033,0,3420876480,3420870720,425766,0,0,0,
2391731,2391731,0,,14164469,14164468,0,,1255259,1255259,0,,17811459,17811458,0,3419799936,3419796864,430216,0,0,0,
2391918,2391918,0,,14168033,14168034,0,,1255166,1255167,0,,17815117,17815119,0,3420502848,3420504000,426327,0,0,0,
2391922,2391922,0,,14164467,14164435,0,,1255248,1255247,0,,17811637,17811604,0,3419827968,3419842368,430597,0,0,0,
2391859,2391859,0,,14166498,14166530,0,,1255365,1255365,0,,17813722,17813754,0,3420240768,3420231552,428183,0,0,0,
2391878,2391878,0,,14166083,14166081,0,,1255216,1255218,0,,17813177,17813177,0,3420129984,3420123840,428302,0,0,0,
2391759,2391759,0,,14165530,14165529,0,,1255175,1255186,0,,17812464,17812474,0,3419995008,3419994816,429808,0,0,0,
2392131,2392131,0,,14166599,14166602,0,,1255422,1255409,0,,17814152,17814142,0,3420309120,3420315456,428230,0,0,0,
2391831,2391831,0,,14163657,14163657,0,,1255225,1255225,0,,17810713,17810713,0,3419663040,3419670720,430524,0,0,0,
2391628,2391628,0,,14169417,14169417,0,,1255089,1255089,0,,17816134,17816134,0,3420691584,3420686208,425803,0,0,0,
2392286,2392286,0,,14159031,14159029,0,,1255513,1255513,0,,17806830,17806828,0,3418917120,3418914432,435787,0,0,0,
2391851,2391851,0,,14167007,14167009,0,,1255250,1255250,0,,17814108,17814110,0,3420309312,3420310272,427610,0,0,0,
2391670,2391670,0,,14168653,14168653,0,,1255088,1255088,0,,17815411,17815411,0,3420558720,3420559488,426586,0,0,0,
2392258,2392258,0,,14171208,14171176,0,,1255515,1255515,0,,17818981,17818949,0,3421238208,3421243008,423543,0,0,0,
2391837,2391837,0,,14166172,14166172,0,,1255217,1255218,0,,17813226,17813227,0,3420139776,3420133632,428081,0,0,0,
2391516,2391516,0,,14167332,14167364,0,,1255021,1255020,0,,17813869,17813900,0,3420262464,3420267072,426554,0,0,0,
2392173,2392173,0,,14169448,14169448,0,,1255450,1255450,0,,17817071,17817071,0,3420883776,3420875904,425489,0,0,0,
1632601,1632601,0,,9677429,9677397,0,,856802,856802,0,,12166832,12166800,0,2336025600,2336022528,292385,0,0,0,
0,0,0,,0,0,0,,0,0,0,,0,0,0,0,0,0,0,0,0,
1403179,1403179,0,,8176447,8176479,0,,736426,736429,0,,10316052,10316087,0,1980688704,1980693504,374508,0,0,0,
2428852,2428852,0,,14152169,14152169,0,,1274721,1274718,0,,17855742,17855739,0,3428301888,3428303040,669054,0,0,0,
2429189,2429189,0,,14156101,14156101,0,,1274784,1274784,0,,17860074,17860074,0,3429134208,3429134400,665381,0,0,0,
2429065,2429065,0,,14156153,14156153,0,,1274769,1274771,0,,17859987,17859989,0,3429117888,3429121152,665349,0,0,0,
2428629,2428629,0,,14157277,14157276,0,,1274488,1274486,0,,17860394,17860391,0,3429195072,3429195456,663952,0,0,0,
2429077,2429077,0,,14157884,14157885,0,,1274784,1274784,0,,17861745,17861746,0,3429455232,3429445440,662905,0,0,0,
2429097,2429097,0,,14158505,14158505,0,,1274826,1274826,0,,17862428,17862428,0,3429586752,3429592512,662301,0,0,0,
2429011,2429011,0,,14153388,14153356,0,,1274813,1274813,0,,17857212,17857180,0,3428577984,3428578176,667465,0,0,0,
2428973,2428973,0,,14156562,14156594,0,,1274693,1274693,0,,17860228,17860260,0,3429169920,3429170496,664975,0,0,0,
2429137,2429137,0,,14161882,14161882,0,,1274763,1274763,0,,17865782,17865782,0,3430230144,3430236480,659353,0,0,0,
2428917,2428917,0,,14157659,14157659,0,,1274655,1274662,0,,17861231,17861238,0,3429357696,3429355968,663502,0,0,0,
2428735,2428735,0,,14160561,14160561,0,,1274594,1274590,0,,17863890,17863886,0,3429866112,3429858432,660379,0,0,0,
2429123,2429123,0,,14154735,14154734,0,,1274810,1274807,0,,17858668,17858664,0,3428857536,3428860032,665891,0,0,0,
2429074,2429074,0,,14157063,14157064,0,,1274828,1274828,0,,17860965,17860966,0,3429311424,3429313344,663821,0,0,0,
2428895,2428895,0,,14157165,14157165,0,,1274726,1274726,0,,17860786,17860786,0,3429270912,3429269184,664367,0,0,0,
2429145,2429145,0,,14153836,14153836,0,,1274777,1274777,0,,17857758,17857758,0,3428689536,3428688192,667465,0,0,0,
2429051,2429051,0,,14155805,14155805,0,,1274748,1274748,0,,17859604,17859604,0,3429043968,3429045888,665307,0,0,0,
2428520,2428520,0,,14154023,14154023,0,,1274463,1274463,0,,17857006,17857006,0,3428545344,3428539584,667077,0,0,0,
2429185,2429185,0,,14162869,14162869,0,,1274818,1274818,0,,17866872,17866872,0,3430439232,3430448064,657976,0,0,0,
2429080,2429080,0,,14156659,14156627,0,,1274816,1274818,0,,17860555,17860525,0,3429220800,3429225024,664216,0,0,0,
2429027,2429027,0,,14159488,14159520,0,,1274830,1274831,0,,17863345,17863378,0,3429762432,3429766080,661658,0,0,0,
2428978,2428978,0,,14158499,14158499,0,,1274695,1274692,0,,17862172,17862169,0,3429536448,3429525696,662865,0,0,0,
2429144,2429144,0,,14159395,14159395,0,,1274775,1274775,0,,17863314,17863314,0,3429756288,3429755904,662060,0,0,0,
2429043,2429043,0,,14155416,14155416,0,,1274719,1274719,0,,17859178,17859178,0,3428968320,3428968704,666074,0,0,0,
150024,150024,0,,883359,883327,0,,78721,78721,0,,1112104,1112072,0,213517824,213510912,41871,0,0,0,
484025,484025,0,,2796333,2796365,0,,254115,254115,0,,3534473,3534505,0,678624960,678631104,147208,0,0,0,
2448195,2448195,0,,14147429,14147429,0,,1284742,1284743,0,,17880366,17880367,0,3433030464,3433030464,789630,0,0,0,
2447559,2447559,0,,14155381,14155381,0,,1284452,1284451,0,,17887392,17887391,0,3434379072,3434384448,781893,0,0,0,
2448251,2448251,0,,14155916,14155884,0,,1284824,1284824,0,,17888991,17888959,0,3434680128,3434677056,780782,0,0,0,
2447956,2447956,0,,14155547,14155579,0,,1284793,1284793,0,,17888296,17888328,0,3434558976,3434557056,781241,0,0,0,
2448126,2448126,0,,14152221,14152221,0,,1284728,1284728,0,,17885075,17885075,0,3433928256,3433928064,784990,0,0,0,
2447751,2447751,0,,14150592,14150592,0,,1284542,1284542,0,,17882885,17882885,0,3433520064,3433521216,786253,0,0,0,
2447980,2447980,0,,14153620,14153620,0,,1284671,1284672,0,,17886271,17886272,0,3434164608,3434164608,783177,0,0,0,
2448128,2448128,0,,14148281,14148281,0,,1284830,1284829,0,,17881239,17881238,0,3433197312,3433195776,788322,0,0,0,
2447900,2447900,0,,14149630,14149630,0,,1284668,1284668,0,,17882198,17882198,0,3433375872,3433376256,787596,0,0,0,
2448022,2448022,0,,14152249,14152249,0,,1284688,1284688,0,,17884959,17884959,0,3433918272,3433918272,784573,0,0,0,
2447670,2447670,0,,14144209,14144177,0,,1284519,1284519,0,,17876398,17876366,0,3432262272,3432265728,792507,0,0,0,
2448118,2448118,0,,14155213,14155213,0,,1284830,1284830,0,,17888161,17888161,0,3434533248,3434534784,781051,0,0,0,
2447937,2447937,0,,14155218,14155218,0,,1284692,1284695,0,,17887847,17887850,0,3434460864,3434461824,781885,0,0,0,
2447911,2447911,0,,14150631,14150661,0,,1284573,1284570,0,,17883115,17883142,0,3433563264,3433554240,785360,0,0,0,
2447699,2447699,0,,14148281,14148251,0,,1284559,1284559,0,,17880539,17880509,0,3433057728,3433064256,788454,0,0,0,
2448131,2448131,0,,14148696,14148728,0,,1284841,1284841,0,,17881668,17881700,0,3433286400,3433276992,787812,0,0,0,
2447837,2447837,0,,14148899,14148899,0,,1284610,1284610,0,,17881346,17881346,0,3433218432,3433223808,787236,0,0,0,
2447962,2447962,0,,14152250,14152250,0,,1284629,1284629,0,,17884841,17884841,0,3433889472,3433884288,784613,0,0,0,
2447751,2447751,0,,14145723,14145723,0,,1284589,1284589,0,,17878063,17878063,0,3432588096,3432595008,791073,0,0,0,
2448018,2448018,0,,14154808,14154776,0,,1284784,1284784,0,,17887610,17887578,0,3434414976,3434416704,780618,0,0,0,
2447915,2447915,0,,14150592,14150621,0,,1284652,1284652,0,,17883159,17883188,0,3433572096,3433562880,786272,0,0,0,
2447783,2447783,0,,14153452,14153455,0,,1284543,1284543,0,,17885778,17885781,0,3434063808,3434069952,783374,0,0,0,
2447946,2447946,0,,14147511,14147511,0,,1284670,1284672,0,,17880127,17880129,0,3432990912,3432991104,789222,0,0,0,
1085526,1085526,0,,6283417,6283385,0,,569730,569728,0,,7938673,7938639,0,1524218688,1524212352,347612,0,0,0,
0,0,0,,0,0,0,,0,0,0,,0,0,0,0,0,0,0,0,0,
1987918,1987918,0,,11579899,11579931,0,,1043254,1043257,0,,14611071,14611106,0,2805326208,2805337920,541513,0,0,0,
2429164,2429164,0,,14154653,14154653,0,,1274811,1274808,0,,17858628,17858625,0,3428856576,3428853312,666087,0,0,0,
2429014,2429014,0,,14160506,14160506,0,,1274816,1274817,0,,17864336,17864337,0,3429958272,3429951360,660097,0,0,0,
2428910,2428910,0,,14156731,14156731,0,,1274736,1274735,0,,17860377,17860376,0,3429193536,3429197952,664402,0,0,0,
2429087,2429087,0,,14158630,14158598,0,,1274730,1274730,0,,17862447,17862415,0,3429582336,3429587904,662331,0,0,0,
2429033,2429033,0,,14157000,14157032,0,,1274722,1274723,0,,17860755,17860788,0,3429271296,3429265536,664042,0,0,0,
2428529,2428529,0,,14153077,14153077,0,,1274484,1274483,0,,17856090,17856089,0,3428362944,3428364096,667969,0,0,0,
2429190,2429190,0,,14155852,14155820,0,,1274822,1274822,0,,17859864,17859832,0,3429093888,3429096000,665078,0,0,0,
2429030,2429030,0,,14156052,14156084,0,,1274803,1274803,0,,17859885,17859917,0,3429104064,3429102144,664527,0,0,0,
2428999,2428999,0,,14156610,14156610,0,,1274790,1274795,0,,17860399,17860404,0,3429197568,3429196416,664728,0,0,0,
2429017,2429017,0,,14158779,14158779,0,,1274701,1274696,0,,17862497,17862492,0,3429598464,3429598464,662302,0,0,0,
2429122,2429122,0,,14156516,14156484,0,,1274782,1274788,0,,17860420,17860394,0,3429195648,3429201984,664645,0,0,0,
2428397,2428397,0,,14158454,14158486,0,,1274394,1274388,0,,17861245,17861271,0,3429364032,3429355776,661962,0,0,0,
2429165,2429165,0,,14160813,14160813,0,,1274815,1274817,0,,17864793,17864795,0,3430040640,3430042176,659928,0,0,0,
2429089,2429089,0,,14157316,14157316,0,,1274820,1274820,0,,17861225,17861225,0,3429354816,3429357888,663580,0,0,0,
2428965,2428965,0,,14160261,14160261,0,,1274808,1274806,0,,17864034,17864032,0,3429894528,3429891840,660782,0,0,0,
2428993,2428993,0,,14153067,14153067,0,,1274666,1274666,0,,17856726,17856726,0,3428491392,3428490816,668019,0,0,0,
2429120,2429120,0,,14155204,14155204,0,,1274781,1274781,0,,17859105,17859105,0,3428948160,3428948160,665769,0,0,0,
2428398,2428398,0,,14158001,14158001,0,,1274395,1274395,0,,17860794,17860794,0,3429272448,3429272832,662475,0,0,0,
2429179,2429179,0,,14158735,14158734,0,,1274823,1274826,0,,17862737,17862739,0,3429645888,3429651456,662255,0,0,0,
2428993,2428993,0,,14154108,14154109,0,,1274786,1274783,0,,17857887,17857885,0,3428713920,3428708544,666025,0,0,0,
2428884,2428884,0,,14152068,14152036,0,,1274733,1274740,0,,17855685,17855660,0,3428286720,3428286336,668886,0,0,0,
2429093,2429093,0,,14151164,14151196,0,,1274732,1274725,0,,17854989,17855014,0,3428156544,3428163840,669829,0,0,0,
2013536,2013536,0,,11741459,11741427,0,,1056693,1056693,0,,14811688,14811656,0,2843844096,2843831232,552964,0,0,0,
0,0,0,,0,0,0,,0,0,0,,0,0,0,0,0,0,0,0,0,
0,0,0,,0,0,0,,0,0,0,,0,0,0,0,0,0,0,0,0,
0,0,0,,0,0,0,,0,0,0,,0,0,0,0,0,0,0,0,0,
0,0,0,,0,0,0,,0,0,0,,0,0,0,0,0,0,0,0,0,
0,0,0,,0,0,0,,0,0,0,,0,0,0,0,0,0,0,0,0,
0,0,0,,0,0,0,,0,0,0,,0,0,0,0,0,0,0,0,0,
0,0,0,,0,0,0,,0,0,0,,0,0,0,0,0,0,0,0,0,
0,0,0,,0,0,0,,0,0,0,,0,0,0,0,0,0,0,0,0,
0,0,0,,0,0,0,,0,0,0,,0,0,0,0,0,0,0,0,0,
0,0,0,,0,0,0,,0,0,0,,0,0,0,0,0,0,0,0,0,
0,0,0,,0,0,0,,0,0,0,,0,0,0,0,0,0,0,0,0,
0,0,0,,0,0,0,,0,0,0,,0,0,0,0,0,0,0,0,0,
0,0,0,,0,0,0,,0,0,0,,0,0,0,0,0,0,0,0,0,
0,0,0,,0,0,0,,0,0,0,,0,0,0,0,0,0,0,0,0,
0,0,0,,0,0,0,,0,0,0,,0,0,0,0,0,0,0,0,0,
0,0,0,,0,0,0,,0,0,0,,0,0,0,0,0,0,0,0,0,
0,0,0,,0,0,0,,0,0,0,,0,0,0,0,0,0,0,0,0,
0,0,0,,0,0,0,,0,0,0,,0,0,0,0,0,0,0,0,0,
0,0,0,,0,0,0,,0,0,0,,0,0,0,0,0,0,0,0,0,
0,0,0,,0,0,0,,0,0,0,,0,0,0,0,0,0,0,0,0,
0,0,0,,0,0,0,,0,0,0,,0,0,0,0,0,0,0,0,0,
0,0,0,,0,0,0,,0,0,0,,0,0,0,0,0,0,0,0,0,
0,0,0,,0,0,0,,0,0,0,,0,0,0,0,0,0,0,0,0,
0,0,0,,0,0,0,,0,0,0,,0,0,0,0,0,0,0,0,0,
0,0,0,,0,0,0,,0,0,0,,0,0,0,0,0,0,0,0,0,
0,0,0,,0,0,0,,0,0,0,,0,0,0,0,0,0,0,0,0,
0,0,0,,0,0,0,,0,0,0,,0,0,0,0,0,0,0,0,0,
0,0,0,,0,0,0,,0,0,0,,0,0,0,0,0,0,0,0,0,
0,0,0,,0,0,0,,0,0,0,,0,0,0,0,0,0,0,0,0,
0,0,0,,0,0,0,,0,0,0,,0,0,0,0,0,0,0,0,0,
0,0,0,,0,0,0,,0,0,0,,0,0,0,0,0,0,0,0,0,
0,0,0,,0,0,0,,0,0,0,,0,0,0,0,0,0,0,0,0,
0,0,0,,0,0,0,,0,0,0,,0,0,0,0,0,0,0,0,0,
0,0,0,,0,0,0,,0,0,0,,0,0,0,0,0,0,0,0,0,
0,0,0,,0,0,0,,0,0,0,,0,0,0,0,0,0,0,0,0,
0,0,0,,0,0,0,,0,0,0,,0,0,0,0,0,0,0,0,0,
0,0,0,,0,0,0,,0,0,0,,0,0,0,0,0,0,0,0,0,
0,0,0,,0,0,0,,0,0,0,,0,0,0,0,0,0,0,0,0,
0,0,0,,0,0,0,,0,0,0,,0,0,0,0,0,0,0,0,0,
0,0,0,,0,0,0,,0,0,0,,0,0,0,0,0,0,0,0,0,
815087,815087,0,,2931481,2931513,0,,427751,427754,0,,4174319,4174354,0,801475392,801486144,2031111,0,0,0,
