Lcore 0,,,,Lcore 1,,,,Lcore 2,,,,Lcore 3,,,,Aggregate statistics,,,,,,,,,,
Current TX rate (PPS),Current RX rate (PPS),Current Drop rate (PPS),,Current TX rate (PPS),Current RX rate (PPS),Current Drop rate (PPS),,Current TX rate (PPS),Current RX rate (PPS),Current Drop rate (PPS),,Current TX rate (PPS),Current RX rate (PPS),Current Drop rate (PPS),,Total TX rate (PPS),Total RX rate (PPS),Total Drop rate (PPS),Total TX bytes rate,Total RX bytes rate,Total rx H/w drops rate,Total error pkt rate,Total failed transmission rate,Total rx mbuf failure rate
0,0,0,,0,0,0,,0,0,0,,0,0,0,,0,0,0,0,0,0,0,0,0,
0,0,0,,0,0,0,,0,0,0,,0,0,0,,0,0,0,0,0,0,0,0,0,
0,0,0,,0,0,0,,0,0,0,,0,0,0,,0,0,0,0,0,0,0,0,0,
0,0,0,,0,0,0,,0,0,0,,0,0,0,,0,0,0,0,0,0,0,0,0,
291664,291664,0,,288247,288276,0,,283311,283342,0,,259379,259411,0,,1122601,1122693,0,215539392,215557056,11984537,0,0,0,
661835,661835,0,,653508,653510,0,,642593,642594,0,,587742,587742,0,,2545678,2545681,0,488770176,488770752,27287417,0,0,0,
663728,663728,0,,653941,653942,0,,643538,643535,0,,588195,588195,0,,2549402,2549400,0,489485184,489484800,27289120,0,0,0,
663230,663230,0,,655306,655306,0,,644853,644856,0,,588607,588607,0,,2551996,2551999,0,489983232,489984000,27311686,0,0,0,
664113,664113,0,,654082,654082,0,,644060,644060,0,,587653,587650,0,,2549908,2549905,0,489582336,489581568,27310220,0,0,0,
663837,663837,0,,655432,655429,0,,643928,643928,0,,589280,589282,0,,2552477,2552476,0,490075584,490075392,27311685,0,0,0,
664113,664113,0,,654920,654922,0,,643525,643525,0,,588337,588338,0,,2550895,2550898,0,489771840,489772416,27312574,0,0,0,
663210,663210,0,,654318,654319,0,,643885,643884,0,,588540,588540,0,,2549953,2549953,0,489590976,489590976,27312848,0,0,0,
661974,661974,0,,653646,653646,0,,642880,642879,0,,586396,586364,0,,2544896,2544863,0,488620032,488619648,27317703,0,0,0,
665541,665541,0,,656344,656344,0,,644550,644549,0,,589423,589455,0,,2555858,2555889,0,490724736,490724736,27307433,0,0,0,
663559,663559,0,,653565,653565,0,,643256,643258,0,,587380,587378,0,,2547760,2547760,0,489176064,489175680,27315036,0,0,0,
663734,663734,0,,654350,654350,0,,643834,643833,0,,587878,587880,0,,2549796,2549797,0,489554688,489555264,27312924,0,0,0,
661554,661554,0,,653110,653110,0,,643186,643185,0,,587433,587433,0,,2545283,2545282,0,488694336,488694144,27317269,0,0,0,
662144,662144,0,,654202,654202,0,,643208,643208,0,,588235,588235,0,,2547789,2547789,0,489175488,489175872,27313827,0,0,0,
663906,663906,0,,654285,654285,0,,642977,642980,0,,587911,587911,0,,2549079,2549082,0,489423168,489425280,27314123,0,0,0,
663309,663309,0,,655465,655462,0,,644026,644024,0,,588777,588777,0,,2551577,2551572,0,489908352,489907392,27311450,0,0,0,
662244,662244,0,,654341,654344,0,,643336,643338,0,,587798,587798,0,,2547719,2547724,0,489156480,489159744,27314324,0,0,0,
664745,664745,0,,655866,655864,0,,645154,645154,0,,588970,588970,0,,2554735,2554733,0,490509120,490504512,27308371,0,0,0,
663834,663834,0,,655156,655158,0,,644527,644527,0,,588721,588721,0,,2552238,2552240,0,490041984,490030080,27311546,0,0,0,
661782,661782,0,,652624,652621,0,,641507,641507,0,,586557,586557,0,,2542470,2542467,0,488141952,488153664,27321528,0,0,0,
663892,663892,0,,655257,655257,0,,644412,644412,0,,588126,588126,0,,2551687,2551687,0,489923904,489925248,27309885,0,0,0,
662128,662128,0,,653575,653546,0,,643538,643538,0,,587838,587835,0,,2547079,2547047,0,489039168,489042048,27315487,0,0,0,
664208,664208,0,,654964,654996,0,,644740,644738,0,,588324,588324,0,,2552236,2552266,0,490029312,490025856,27310822,0,0,0,
663250,663250,0,,654399,654399,0,,643893,643895,0,,588567,588570,0,,2550109,2550114,0,489627072,489627648,27311217,0,0,0,
141823,141823,0,,140153,140121,0,,137993,137961,0,,126996,126964,0,,546965,546869,0,105011136,104991936,5534078,0,0,0,
44907,44907,0,,44133,44165,0,,43533,43562,0,,39899,39929,0,,172472,172563,0,33120768,33136512,806494,0,0,0,
663500,663500,0,,654361,654359,0,,642821,642824,0,,588602,588602,0,,2549284,2549285,0,489456384,489458304,12388651,0,0,0,
664512,664512,0,,655218,655219,0,,644759,644759,0,,588835,588834,0,,2553324,2553324,0,490238208,490238208,12383961,0,0,0,
661862,661862,0,,653767,653768,0,,642870,642869,0,,587355,587358,0,,2545854,2545857,0,488803968,488807424,12391771,0,0,0,
664536,664536,0,,655269,655268,0,,643802,643803,0,,588812,588809,0,,2552419,2552416,0,490064448,490060992,12385083,0,0,0,
664161,664161,0,,655056,655055,0,,643853,643852,0,,588377,588379,0,,2551447,2551447,0,489877824,489877824,12385969,0,0,0,
665920,665920,0,,657226,657227,0,,645596,645597,0,,590456,590457,0,,2559198,2559201,0,491366016,491366592,12378075,0,0,0,
664669,664669,0,,655177,655178,0,,644518,644518,0,,589820,589817,0,,2554184,2554182,0,490403328,490406592,12383420,0,0,0,
663772,663772,0,,655190,655190,0,,644294,644294,0,,588505,588505,0,,2551761,2551761,0,489938112,489935616,12385469,0,0,0,
664785,664785,0,,656445,656443,0,,645663,645660,0,,588664,588667,0,,2555557,2555555,0,490666944,490665408,12381691,0,0,0,
661719,661719,0,,652728,652730,0,,642725,642726,0,,586943,586943,0,,2544115,2544118,0,488470080,488470656,12393305,0,0,0,
663032,663032,0,,655057,655057,0,,643140,643142,0,,588175,588172,0,,2549404,2549403,0,489485568,489486528,12387751,0,0,0,
664612,664612,0,,656037,656037,0,,645740,645738,0,,589410,589413,0,,2555799,2555800,0,490713408,490712448,12381646,0,0,0,
664832,664832,0,,655635,655635,0,,645847,645849,0,,588996,588996,0,,2555310,2555312,0,490619520,490620288,12382139,0,0,0,
662616,662616,0,,654697,654697,0,,643461,643461,0,,588677,588677,0,,2549451,2549451,0,489500736,489496320,12387818,0,0,0,
663352,663352,0,,654528,654528,0,,643980,643980,0,,588342,588341,0,,2550202,2550201,0,489638592,489640320,12386509,0,0,0,
662951,662951,0,,655205,655204,0,,643674,643674,0,,588369,588370,0,,2550199,2550199,0,489638400,489644352,12386642,0,0,0,
662369,662369,0,,653454,653452,0,,642136,642136,0,,588080,588080,0,,2546039,2546037,0,488833344,488831040,12391640,0,0,0,
662384,662384,0,,654883,654886,0,,644302,644302,0,,588958,588958,0,,2550527,2550530,0,489701184,489703296,12386654,0,0,0,
663214,663214,0,,654716,654716,0,,644324,644324,0,,588712,588712,0,,2550966,2550966,0,489785472,489782784,12386280,0,0,0,
664258,664258,0,,654465,654465,0,,644188,644186,0,,588345,588345,0,,2551256,2551254,0,489841152,489844032,12385944,0,0,0,
663607,663607,0,,655141,655139,0,,644872,644874,0,,589089,589089,0,,2552709,2552709,0,490120128,490117632,12384579,0,0,0,
663972,663972,0,,654486,654488,0,,644096,644096,0,,588203,588202,0,,2550757,2550758,0,489745344,489747456,12386908,0,0,0,
663039,663039,0,,653221,653221,0,,643536,643533,0,,588069,588070,0,,2547865,2547863,0,489196224,489192576,12388969,0,0,0,
398370,398370,0,,392741,392709,0,,385994,385965,0,,353357,353325,0,,1530462,1530369,0,293842560,293824512,7273895,0,0,0,
0,0,0,,0,0,0,,0,0,0,,0,0,0,,0,0,0,0,0,0,0,0,0,
444749,444749,0,,438480,438510,0,,431910,431942,0,,394753,394785,0,,1709892,1709986,0,328299264,328318848,3274647,0,0,0,
662891,662891,0,,654227,654228,0,,644422,644422,0,,587990,587990,0,,2549530,2549531,0,489509760,489508416,4920498,0,0,0,
663832,663832,0,,655597,655595,0,,644210,644210,0,,589015,589015,0,,2552654,2552652,0,490109568,490111104,4917595,0,0,0,
664132,664132,0,,654624,654626,0,,644884,644884,0,,589141,589139,0,,2552781,2552781,0,490133952,490132032,4917350,0,0,0,
663104,663104,0,,653872,653873,0,,642658,642658,0,,588350,588352,0,,2547984,2547987,0,489212928,489217152,4921953,0,0,0,
665064,665064,0,,656279,656279,0,,645222,645222,0,,589026,589025,0,,2555591,2555590,0,490673472,490670784,4914738,0,0,0,
663512,663512,0,,654985,654985,0,,643950,643950,0,,589073,589074,0,,2551520,2551521,0,489891840,489891456,4918853,0,0,0,
662731,662731,0,,654024,654024,0,,642256,642256,0,,587847,587847,0,,2546858,2546858,0,489002880,489002304,4923317,0,0,0,
663349,663349,0,,654334,654334,0,,643393,643393,0,,588823,588823,0,,2549899,2549899,0,489574464,489575232,4920311,0,0,0,
662638,662638,0,,654510,654510,0,,643425,643425,0,,588227,588227,0,,2548800,2548800,0,489375744,489381120,4921314,0,0,0,
663441,663441,0,,655453,655453,0,,644518,644516,0,,588909,588909,0,,2552321,2552319,0,490039488,490034880,4917727,0,0,0,
663020,663020,0,,654745,654743,0,,644555,644556,0,,588523,588521,0,,2550843,2550840,0,489761856,489759552,4919416,0,0,0,
662398,662398,0,,653874,653875,0,,643083,643081,0,,588049,588051,0,,2547404,2547405,0,489101568,489102336,4922563,0,0,0,
664194,664194,0,,654995,654994,0,,644498,644498,0,,588492,588492,0,,2552179,2552178,0,490018368,490020288,4917817,0,0,0,
662085,662085,0,,652691,652693,0,,642702,642705,0,,588321,588321,0,,2545799,2545804,0,488793408,488793600,4924267,0,0,0,
661328,661328,0,,652406,652405,0,,641664,641664,0,,586999,586997,0,,2542397,2542394,0,488140224,488137536,4927845,0,0,0,
664095,664095,0,,654531,654529,0,,643614,643614,0,,588801,588803,0,,2551041,2551041,0,489799872,489800832,4919125,0,0,0,
662243,662243,0,,653873,653876,0,,643425,643422,0,,587708,587708,0,,2547249,2547249,0,489077376,489075072,4922977,0,0,0,
664646,664646,0,,656052,656052,0,,645033,645036,0,,589942,589940,0,,2555673,2555674,0,490683648,490685184,4914439,0,0,0,
662180,662180,0,,653427,653426,0,,642535,642534,0,,586807,586777,0,,2544949,2544917,0,488630208,488630016,4925062,0,0,0,
663039,663039,0,,654723,654724,0,,643037,643038,0,,588072,588102,0,,2548871,2548903,0,489383232,489384192,4921112,0,0,0,
661989,661989,0,,652594,652592,0,,642477,642475,0,,587017,587019,0,,2544077,2544075,0,488462784,488462016,4926059,0,0,0,
662154,662154,0,,653249,653251,0,,642209,642211,0,,587482,587482,0,,2545094,2545098,0,488658048,488660928,4924958,0,0,0,
661624,661624,0,,653339,653307,0,,643188,643156,0,,588104,588072,0,,2546255,2546159,0,488880960,488860032,4856012,0,0,0,
0,0,0,,0,0,0,,0,0,0,,0,0,0,,0,0,0,0,0,0,0,0,0,
179075,179075,0,,176587,176619,0,,173734,173766,0,,158763,158795,0,,688159,688255,0,132126528,132148032,288632,0,0,0,
662843,662843,0,,653954,653954,0,,642765,642765,0,,588719,588718,0,,2548281,2548280,0,489269952,489269760,1187100,0,0,0,
663688,663688,0,,655359,655359,0,,644720,644720,0,,588285,588286,0,,2552052,2552053,0,490000128,489994944,1183233,0,0,0,
662552,662552,0,,653302,653302,0,,643234,643234,0,,587931,587931,0,,2547019,2547019,0,489027648,489025728,1188238,0,0,0,
662332,662332,0,,653266,653266,0,,643133,643133,0,,587926,587926,0,,2546657,2546657,0,488952000,488961216,1188957,0,0,0,
660676,660676,0,,652594,652594,0,,640870,640870,0,,587056,587056,0,,2541196,2541196,0,487909632,487906176,1194247,0,0,0,
663516,663516,0,,654422,654421,0,,644409,644409,0,,587672,587672,0,,2550019,2550018,0,489609792,489609216,1185440,0,0,0,
661680,661680,0,,653355,653356,0,,642413,642413,0,,587140,587140,0,,2544588,2544589,0,488560896,488554752,1190844,0,0,0,
662312,662312,0,,653740,653737,0,,642774,642774,0,,587119,587119,0,,2545945,2545942,0,488815296,488823168,1189428,0,0,0,
662227,662227,0,,654454,654456,0,,644222,644222,0,,588465,588465,0,,2549368,2549370,0,489484800,489482112,1185975,0,0,0,
661649,661649,0,,652310,652311,0,,641749,641749,0,,586824,586824,0,,2542532,2542533,0,488160000,488164992,1192835,0,0,0,
662796,662796,0,,653500,653500,0,,641776,641775,0,,587239,587239,0,,2545311,2545310,0,488705856,488700480,1190057,0,0,0,
662655,662655,0,,653961,653961,0,,643306,643307,0,,588541,588541,0,,2548463,2548464,0,489298752,489299904,1187123,0,0,0,
662176,662176,0,,653768,653768,0,,643002,643002,0,,587686,587686,0,,2546632,2546632,0,488953344,488956800,1188778,0,0,0,
662149,662149,0,,654755,654755,0,,643814,643814,0,,587273,587273,0,,2547991,2547991,0,489214272,489210432,1187433,0,0,0,
661488,661488,0,,654700,654700,0,,642336,642336,0,,588113,588113,0,,2546637,2546637,0,488954304,488956992,1188802,0,0,0,
663988,663988,0,,656184,656184,0,,645583,645583,0,,589081,589081,0,,2554836,2554836,0,490534656,490532352,1180446,0,0,0,
661147,661147,0,,652415,652415,0,,641573,641573,0,,586794,586792,0,,2541929,2541927,0,488044224,488044032,1193547,0,0,0,
663384,663384,0,,655357,655356,0,,643940,643940,0,,588279,588278,0,,2550960,2550958,0,489784320,489783744,1184403,0,0,0,
664613,664613,0,,656141,656142,0,,646515,646483,0,,589260,589263,0,,2556529,2556501,0,490853568,490855104,1178996,0,0,0,
662720,662720,0,,653968,653968,0,,643430,643462,0,,587704,587704,0,,2547822,2547854,0,489181824,489183744,1187479,0,0,0,
663021,663021,0,,654821,654821,0,,644144,644141,0,,587834,587834,0,,2549820,2549817,0,489565440,489562752,1185561,0,0,0,
662739,662739,0,,653727,653727,0,,643363,643366,0,,587918,587918,0,,2547747,2547750,0,489167424,489169344,1187620,0,0,0,
661368,661368,0,,653644,653643,0,,642653,642653,0,,587330,587330,0,,2544995,2544994,0,488645184,488642304,1190536,0,0,0,
262167,262167,0,,258739,258708,0,,254115,254083,0,,233370,233338,0,,1008391,1008296,0,193604928,193586688,461547,0,0,0,
0,0,0,,0,0,0,,0,0,0,,0,0,0,,0,0,0,0,0,0,0,0,0,
411176,411176,0,,411146,411176,0,,411146,411176,0,,411176,411176,0,,1644644,1644704,0,315783168,315783168,0,0,0,0,
468408,468408,0,,468431,468408,0,,468410,468408,0,,468378,468408,0,,1873627,1873632,0,359724864,359737344,0,0,0,0,
468427,468427,0,,468435,468428,0,,468456,468428,0,,468458,468428,0,,1873776,1873711,0,359764992,359752512,0,0,0,0,
468397,468397,0,,468378,468408,0,,468378,468408,0,,468378,468408,0,,1873531,1873621,0,359717952,359735232,0,0,0,0,
468390,468390,0,,468408,468399,0,,468408,468408,0,,468408,468408,0,,1873614,1873605,0,359733888,359732160,0,0,0,0,
468426,468426,0,,468396,468405,0,,468418,468396,0,,468417,468396,0,,1873657,1873623,0,359747904,359735616,0,0,0,0,
468408,468408,0,,468433,468408,0,,468388,468408,0,,468412,468408,0,,1873641,1873632,0,359735232,359737344,0,0,0,0,
468417,468417,0,,468408,468428,0,,468426,468417,0,,468403,468428,0,,1873654,1873690,0,359739648,359748480,0,0,0,0,
468387,468387,0,,468401,468376,0,,468406,468387,0,,468406,468376,0,,1873600,1873526,0,359731200,359717568,0,0,0,0,
468408,468408,0,,468408,468408,0,,468408,468408,0,,468408,468408,0,,1873632,1873632,0,359737344,359736768,0,0,0,0,
468428,468428,0,,468428,468428,0,,468428,468428,0,,468428,468428,0,,1873712,1873712,0,359752704,359752704,0,0,0,0,
468409,468409,0,,468378,468408,0,,468378,468406,0,,468404,468408,0,,1873569,1873631,0,359730518,359737046,0,0,0,0,
468428,468428,0,,468428,468428,0,,468458,468430,0,,468432,468428,0,,1873746,1873714,0,359759616,359753088,0,0,0,0,
468409,468409,0,,468408,468404,0,,468401,468408,0,,468403,468408,0,,1873621,1873629,0,359734358,359737430,0,0,0,0,
468408,468408,0,,468428,468412,0,,468405,468408,0,,468413,468408,0,,1873654,1873636,0,359740416,359737344,0,0,0,0,
468397,468397,0,,468406,468396,0,,468406,468396,0,,468396,468396,0,,1873605,1873585,0,359728214,359728214,0,0,0,0,
468408,468408,0,,468378,468408,0,,468408,468408,0,,468396,468408,0,,1873590,1873632,0,359729280,359737344,0,0,0,0,
468429,468429,0,,468458,468428,0,,468428,468428,0,,468440,468428,0,,1873755,1873713,0,359760854,359752790,0,0,0,0,
468408,468408,0,,468408,468408,0,,468398,468408,0,,468378,468408,0,,1873592,1873632,0,359729664,359737344,0,0,0,0,
468427,468427,0,,468398,468426,0,,468435,468428,0,,468428,468425,0,,1873688,1873706,0,359747990,359751446,0,0,0,0,
468410,468410,0,,468438,468410,0,,468411,468408,0,,468438,468411,0,,1873697,1873639,0,359749824,359738688,0,0,0,0,
468376,468376,0,,468376,468378,0,,468376,468378,0,,468376,468378,0,,1873504,1873510,0,359713152,359714112,0,0,0,0,
468428,468428,0,,468428,468426,0,,468428,468426,0,,468428,468426,0,,1873712,1873706,0,359752320,359751360,0,0,0,0,
359869,359869,0,,359868,359868,0,,359868,359868,0,,359868,359868,0,,1439473,1439473,0,276378710,276378710,0,0,0,0,
0,0,0,,0,0,0,,0,0,0,,0,0,0,,0,0,0,0,0,0,0,0,0,
325850,325850,0,,321325,321354,0,,316193,316225,0,,288995,289027,0,,1252363,1252456,0,240453590,240475286,93800,0,0,0,
661479,661479,0,,653638,653641,0,,642240,642240,0,,587874,587874,0,,2545231,2545234,0,488684352,488684160,254138,0,0,0,
662114,662114,0,,653377,653377,0,,641999,641999,0,,587442,587442,0,,2544932,2544932,0,488626838,488627030,254536,0,0,0,
659772,659772,0,,651273,651272,0,,640335,640335,0,,586411,586411,0,,2537791,2537790,0,487255872,487254528,261663,0,0,0,
661588,661588,0,,652541,652541,0,,642422,642422,0,,587479,587479,0,,2544030,2544030,0,488453654,488451734,255436,0,0,0,
661678,661678,0,,652495,652496,0,,642894,642894,0,,587533,587533,0,,2544600,2544601,0,488563200,488564736,254837,0,0,0,
662132,662132,0,,653644,653644,0,,642283,642283,0,,587464,587464,0,,2545523,2545523,0,488740310,488744726,253969,0,0,0,
662086,662086,0,,653302,653302,0,,643032,643032,0,,587803,587803,0,,2546223,2546223,0,488874816,488871936,253224,0,0,0,
661573,661573,0,,653198,653198,0,,642617,642617,0,,586989,586989,0,,2544377,2544377,0,488520384,488521728,255199,0,0,0,
661675,661675,0,,652476,652476,0,,641874,641874,0,,586580,586580,0,,2542605,2542605,0,488180160,488179584,256762,0,0,0,
660618,660618,0,,652493,652493,0,,641378,641378,0,,586780,586780,0,,2541269,2541269,0,487923542,487921430,258181,0,0,0,
661633,661633,0,,652902,652902,0,,641442,641442,0,,587072,587069,0,,2543049,2543046,0,488265408,488265216,256263,0,0,0,
659851,659851,0,,651654,651654,0,,641166,641166,0,,585908,585911,0,,2538579,2538582,0,487407062,487406870,260812,0,0,0,
662043,662043,0,,653206,653206,0,,642431,642431,0,,586696,586696,0,,2544376,2544376,0,488520192,488521536,255073,0,0,0,
660545,660545,0,,652157,652157,0,,641335,641335,0,,586989,586988,0,,2541026,2541025,0,487876886,487876118,258407,0,0,0,
661597,661597,0,,654006,654006,0,,643431,643431,0,,588059,588060,0,,2547093,2547094,0,489041856,489043392,252341,0,0,0,
661965,661965,0,,654218,654218,0,,643431,643431,0,,587472,587472,0,,2547086,2547086,0,489040406,489039638,252226,0,0,0,
661088,661088,0,,652307,652307,0,,642510,642510,0,,586079,586079,0,,2541984,2541984,0,488060928,488064576,257420,0,0,0,
660305,660305,0,,651811,651809,0,,642124,642124,0,,587113,587113,0,,2541353,2541351,0,487939670,487934294,258079,0,0,0,
662619,662619,0,,654397,654399,0,,643206,643206,0,,587186,587186,0,,2547408,2547410,0,489102336,489102144,251902,0,0,0,
661482,661482,0,,653487,653487,0,,642689,642689,0,,586817,586817,0,,2544475,2544475,0,488539200,488539776,255028,0,0,0,
662825,662825,0,,654864,654864,0,,643998,643998,0,,588651,588651,0,,2550338,2550338,0,489664896,489668928,249085,0,0,0,
661899,661899,0,,653843,653843,0,,642107,642107,0,,588004,588004,0,,2545853,2545853,0,488803670,488801366,253556,0,0,0,
662681,662681,0,,654649,654649,0,,643296,643296,0,,587388,587388,0,,2548014,2548014,0,489218688,489219840,251534,0,0,0,
113584,113584,0,,112502,112470,0,,110947,110915,0,,101957,101925,0,,438990,438894,0,84285974,84263318,41380,0,0,0,
60324,60324,0,,60312,60324,0,,60311,60324,0,,60311,60324,0,,241258,241296,0,46321536,46328832,0,0,0,0,
583105,583105,0,,583109,583104,0,,583109,583104,0,,583088,583104,0,,2332411,2332417,0,447824342,447823958,0,0,0,0,
583124,583124,0,,583131,583124,0,,583132,583124,0,,583153,583124,0,,2332540,2332496,0,447846144,447839232,0,0,0,0,
583105,583105,0,,583104,583104,0,,583098,583104,0,,583097,583104,0,,2332404,2332417,0,447823958,447823958,0,0,0,0,
583123,583123,0,,583100,583124,0,,583130,583124,0,,583100,583122,0,,2332453,2332493,0,447838656,447839040,0,0,0,0,
583098,583098,0,,583120,583104,0,,583074,583104,0,,583105,583106,0,,2332397,2332412,0,447809942,447822614,0,0,0,0,
583127,583127,0,,583107,583124,0,,583124,583119,0,,583124,583119,0,,2332482,2332489,0,447846144,447838848,0,0,0,0,
583109,583109,0,,583129,583104,0,,583134,583109,0,,583134,583109,0,,2332506,2332431,0,447831552,447825792,0,0,0,0,
583124,583124,0,,583112,583124,0,,583112,583124,0,,583095,583124,0,,2332443,2332496,0,447833664,447839232,0,0,0,0,
583103,583103,0,,583116,583104,0,,583116,583104,0,,583133,583104,0,,2332468,2332415,0,447829142,447823574,0,0,0,0,
583126,583126,0,,583122,583122,0,,583122,583124,0,,583117,583124,0,,2332487,2332496,0,447837504,447839616,0,0,0,0,
583100,583100,0,,583097,583106,0,,583076,583099,0,,583081,583104,0,,2332354,2332409,0,447811862,447822038,0,0,0,0,
583129,583129,0,,583103,583124,0,,583127,583129,0,,583127,583124,0,,2332486,2332506,0,447837312,447841152,0,0,0,0,
583105,583105,0,,583134,583104,0,,583131,583104,0,,583131,583104,0,,2332501,2332417,0,447840086,447823958,0,0,0,0,
583104,583104,0,,583074,583104,0,,583095,583104,0,,583074,583104,0,,2332347,2332416,0,447823872,447823872,0,0,0,0,
583125,583125,0,,583126,583124,0,,583104,583124,0,,583142,583124,0,,2332497,2332497,0,447831446,447839318,0,0,0,0,
583097,583097,0,,583125,583104,0,,583103,583104,0,,583086,583104,0,,2332411,2332409,0,447817536,447822528,0,0,0,0,
583132,583132,0,,583116,583124,0,,583124,583124,0,,583140,583124,0,,2332512,2332504,0,447842198,447840662,0,0,0,0,
583104,583104,0,,583113,583104,0,,583106,583104,0,,583088,583104,0,,2332411,2332416,0,447822912,447823872,0,0,0,0,
583117,583117,0,,583100,583124,0,,583122,583116,0,,583124,583116,0,,2332463,2332473,0,447832896,447834816,0,0,0,0,
583100,583100,0,,583104,583104,0,,583104,583112,0,,583104,583112,0,,2332412,2332428,0,447823104,447826176,0,0,0,0,
583128,583128,0,,583124,583124,0,,583146,583124,0,,583145,583124,0,,2332543,2332500,0,447849686,447839894,0,0,0,0,
583112,583112,0,,583108,583104,0,,583112,583104,0,,583086,583104,0,,2332418,2332424,0,447832896,447825408,0,0,0,0,
583125,583125,0,,583150,583124,0,,583120,583124,0,,583144,583124,0,,2332539,2332497,0,447839318,447839318,0,0,0,0,
318684,318684,0,,318684,318684,0,,318688,318684,0,,318691,318684,0,,1274747,1274736,0,244749312,244749312,0,0,0,0,
1,1,0,,0,0,0,,0,0,0,,0,0,0,,1,1,0,86,86,0,0,0,0,
457363,457363,0,,457348,457380,0,,457156,457188,0,,456082,456114,0,,1827949,1828045,0,350966208,350987328,0,0,0,0,
642662,642662,0,,642676,642676,0,,642868,642868,0,,643610,643610,0,,2571816,2571816,0,493788566,493787606,0,0,0,0,
642692,642692,0,,642694,642692,0,,642684,642684,0,,642981,642981,0,,2571051,2571049,0,493641792,493641216,0,0,0,0,
642624,642624,0,,642614,642616,0,,642632,642631,0,,642446,642446,0,,2570316,2570317,0,493500672,493500864,0,0,0,0,
642697,642697,0,,642674,642672,0,,642674,642665,0,,642889,642885,0,,2570934,2570919,0,493623446,493614806,0,0,0,0,
642660,642660,0,,642658,642660,0,,642650,642660,0,,641823,641827,0,,2569791,2569807,0,493401792,493405632,0,0,0,0,
642660,642660,0,,642692,642660,0,,642657,642657,0,,642250,642250,0,,2570259,2570227,0,493489728,493495872,0,0,0,0,
642684,642684,0,,642682,642712,0,,642680,642680,0,,642852,642852,0,,2570898,2570928,0,493606272,493606080,0,0,0,0,
642689,642689,0,,642658,642658,0,,642723,642720,0,,643652,643652,0,,2571722,2571719,0,493776278,493774550,0,0,0,0,
642660,642660,0,,642660,642660,0,,642457,642460,0,,640646,640646,0,,2568423,2568426,0,493131456,493132224,0,0,0,0,
642660,642660,0,,642665,642662,0,,642867,642835,0,,644772,644772,0,,2572964,2572929,0,494014166,494003606,0,0,0,0,
642661,642661,0,,642653,642658,0,,642660,642662,0,,640807,640805,0,,2568781,2568786,0,493206912,493204032,0,0,0,0,
642661,642661,0,,642694,642693,0,,642660,642687,0,,644558,644558,0,,2572573,2572599,0,493927766,493938518,0,0,0,0,
642663,642663,0,,642662,642645,0,,642662,642663,0,,642663,642662,0,,2570650,2570633,0,493564800,493561536,0,0,0,0,
642658,642658,0,,642657,642644,0,,642655,642628,0,,642133,642136,0,,2570103,2570066,0,493460438,493455062,0,0,0,0,
642660,642660,0,,642634,642660,0,,642634,642660,0,,642979,642979,0,,2570907,2570959,0,493613376,493623552,0,0,0,0,
642661,642661,0,,642687,642662,0,,642581,642584,0,,642293,642293,0,,2570222,2570200,0,493482902,493482902,0,0,0,0,
642659,642659,0,,642628,642658,0,,642724,642724,0,,640677,640645,0,,2568688,2568686,0,493187712,493190208,0,0,0,0,
642661,642661,0,,642688,642688,0,,642668,642668,0,,644724,644756,0,,2572741,2572773,0,493972416,493965120,0,0,0,0,
642656,642656,0,,642660,642660,0,,642696,642695,0,,643079,643079,0,,2571091,2571090,0,493643328,493649664,0,0,0,0,
642697,642697,0,,642664,642664,0,,642662,642661,0,,642576,642576,0,,2570599,2570598,0,493554902,493552598,0,0,0,0,
642679,642679,0,,642712,642707,0,,642693,642663,0,,641541,641541,0,,2569625,2569590,0,493368000,493370880,0,0,0,0,
642665,642665,0,,642660,642659,0,,642643,642673,0,,643952,643950,0,,2571920,2571947,0,493808534,493804118,0,0,0,0,
595349,595349,0,,595352,595326,0,,595386,595356,0,,595387,595357,0,,2381474,2381388,0,457243008,457226496,0,0,0,0,
1,1,0,,0,0,0,,0,0,0,,0,0,0,,1,1,0,86,86,0,0,0,0,
221207,221207,0,,217952,217984,0,,215092,215124,0,,196131,196163,0,,850382,850478,0,163273344,163293120,23331,0,0,0,
660062,660062,0,,652689,652689,0,,641936,641936,0,,586879,586879,0,,2541566,2541566,0,487980566,487984598,146225,0,0,0,
662649,662649,0,,653602,653602,0,,642760,642760,0,,587323,587322,0,,2546334,2546333,0,488896128,488894400,145970,0,0,0,
661634,661634,0,,652793,652793,0,,641349,641347,0,,587211,587212,0,,2542987,2542986,0,488253398,488250710,149258,0,0,0,
661824,661824,0,,653061,653061,0,,642361,642363,0,,588085,588085,0,,2545331,2545333,0,488703552,488707392,146801,0,0,0,
661380,661380,0,,652909,652909,0,,642147,642147,0,,587597,587597,0,,2544033,2544033,0,488454336,488453184,148273,0,0,0,
661468,661468,0,,653049,653049,0,,641620,641620,0,,587831,587831,0,,2543968,2543968,0,488441856,488438784,148265,0,0,0,
661996,661996,0,,652917,652917,0,,643121,643121,0,,587375,587375,0,,2545409,2545409,0,488718422,488724182,146844,0,0,0,
661775,661775,0,,652168,652168,0,,641646,641646,0,,586803,586803,0,,2542392,2542392,0,488139264,488141184,149804,0,0,0,
660077,660077,0,,651117,651116,0,,640588,640588,0,,586122,586122,0,,2537904,2537903,0,487277462,487270358,154511,0,0,0,
660257,660257,0,,652507,652508,0,,640401,640401,0,,586728,586728,0,,2539893,2539894,0,487659456,487664256,152261,0,0,0,
661426,661426,0,,652109,652109,0,,641908,641908,0,,587487,587487,0,,2542930,2542930,0,488248598,488245718,149251,0,0,0,
661273,661273,0,,652425,652425,0,,642139,642139,0,,587445,587445,0,,2543282,2543282,0,488304000,488303424,149047,0,0,0,
660119,660119,0,,651881,651881,0,,641766,641766,0,,586571,586571,0,,2540337,2540337,0,487750848,487754880,151973,0,0,0,
663408,663408,0,,654218,654218,0,,644035,644035,0,,589236,589236,0,,2550897,2550897,0,489766080,489767040,141305,0,0,0,
661587,661587,0,,653790,653758,0,,642109,642109,0,,587417,587417,0,,2544903,2544871,0,488627414,488616470,147348,0,0,0,
660334,660334,0,,652581,652613,0,,641314,641314,0,,587173,587173,0,,2541402,2541434,0,487943040,487951104,150882,0,0,0,
661904,661904,0,,653607,653607,0,,643090,643087,0,,587483,587483,0,,2546084,2546081,0,488848128,488849856,146164,0,0,0,
662145,662145,0,,653556,653556,0,,642802,642805,0,,587895,587895,0,,2546398,2546401,0,488908416,488904576,145965,0,0,0,
662485,662485,0,,653485,653485,0,,642634,642634,0,,587961,587961,0,,2546565,2546565,0,488940374,488940374,145764,0,0,0,
661358,661358,0,,654023,654020,0,,642420,642420,0,,587434,587434,0,,2545235,2545232,0,488685120,488685312,147097,0,0,0,
662200,662200,0,,654216,654219,0,,643179,643179,0,,587351,587350,0,,2546946,2546948,0,489013526,489016982,145225,0,0,0,
660626,660626,0,,651577,651577,0,,642816,642816,0,,586900,586901,0,,2541919,2541920,0,488048448,488044800,150236,0,0,0,
660096,660096,0,,652252,652220,0,,641199,641199,0,,586415,586415,0,,2539962,2539930,0,487672598,487672022,152333,0,0,0,
216062,216062,0,,213547,213547,0,,210167,210135,0,,192760,192728,0,,832536,832472,0,159846912,159826560,44570,0,0,0,
1,1,0,,0,0,0,,0,0,0,,0,0,0,,1,1,0,86,86,0,0,0,0,
623079,623079,0,,619797,619829,0,,612414,612446,0,,559335,559367,0,,2414625,2414721,0,463608000,463630848,58223,0,0,0,
657546,657546,0,,655068,655068,0,,643744,643744,0,,588869,588869,0,,2545227,2545227,0,488689622,488683670,82387,0,0,0,
657332,657332,0,,655502,655502,0,,645358,645358,0,,590164,590164,0,,2548356,2548356,0,489284352,489291072,79501,0,0,0,
657682,657682,0,,656630,656630,0,,645763,645763,0,,590463,590463,0,,2550538,2550538,0,489697152,489696576,79510,0,0,0,
657515,657515,0,,654004,654004,0,,643883,643883,0,,588781,588781,0,,2544183,2544183,0,488483136,488484096,85837,0,0,0,
657487,657487,0,,657203,657203,0,,647200,647200,0,,591373,591373,0,,2553263,2553263,0,490226390,490227158,77208,0,0,0,
657521,657521,0,,654457,654457,0,,646130,646130,0,,589507,589507,0,,2547615,2547615,0,489142080,489139776,82192,0,0,0,
657497,657497,0,,655971,655971,0,,645607,645607,0,,589364,589364,0,,2548439,2548439,0,489306326,489303830,81418,0,0,0,
657604,657604,0,,655649,655649,0,,645217,645217,0,,589916,589916,0,,2548386,2548386,0,489290112,489293568,82070,0,0,0,
657471,657471,0,,655562,655562,0,,644740,644739,0,,589250,589248,0,,2547023,2547020,0,489022166,489018710,83040,0,0,0,
657533,657533,0,,655797,655797,0,,646602,646603,0,,590747,590749,0,,2550679,2550682,0,489730368,489735552,79668,0,0,0,
657553,657553,0,,656167,656167,0,,645944,645944,0,,591238,591238,0,,2550902,2550902,0,489773078,489769430,79037,0,0,0,
657513,657513,0,,655752,655752,0,,643981,643981,0,,590078,590078,0,,2547324,2547324,0,489086208,489087552,82708,0,0,0,
657513,657513,0,,655053,655053,0,,644259,644259,0,,589251,589251,0,,2546076,2546076,0,488846486,488847638,84051,0,0,0,
657352,657352,0,,655432,655432,0,,645168,645168,0,,589872,589872,0,,2547824,2547824,0,489182208,489184128,81666,0,0,0,
657692,657692,0,,652981,652981,0,,643368,643368,0,,589032,589000,0,,2543073,2543041,0,488270016,488266752,87574,0,0,0,
657465,657465,0,,653545,653544,0,,644072,644072,0,,587982,588011,0,,2543064,2543092,0,488268288,488265792,86390,0,0,0,
657484,657484,0,,654251,654252,0,,644072,644072,0,,589602,589604,0,,2545409,2545412,0,488718422,488720918,84581,0,0,0,
657556,657556,0,,655436,655436,0,,645311,645311,0,,589325,589326,0,,2547628,2547629,0,489150720,489145152,82542,0,0,0,
657533,657533,0,,655480,655480,0,,645440,645440,0,,590951,590951,0,,2549404,2549404,0,489479318,489481814,80874,0,0,0,
657512,657512,0,,655421,655421,0,,644921,644921,0,,590189,590188,0,,2548043,2548042,0,489224256,489225792,81961,0,0,0,
657497,657497,0,,652987,652987,0,,642044,642044,0,,587829,587830,0,,2540357,2540358,0,487748438,487753430,89619,0,0,0,
657500,657500,0,,655544,655544,0,,645020,645020,0,,590481,590481,0,,2548545,2548545,0,489326784,489321408,81548,0,0,0,
458385,458385,0,,464707,464675,0,,456832,456800,0,,419716,419684,0,,1799640,1799544,0,345524630,345503894,58030,0,0,0,
0,0,0,,0,0,0,,0,0,0,,0,0,0,,0,0,0,0,0,0,0,0,0,
1,1,0,,0,0,0,,0,0,0,,0,0,0,,1,1,0,86,86,0,0,0,0,
0,0,0,,0,0,0,,0,0,0,,0,0,0,,0,0,0,0,0,0,0,0,0,
0,0,0,,0,0,0,,0,0,0,,0,0,0,,0,0,0,0,0,0,0,0,0,
0,0,0,,0,0,0,,0,0,0,,0,0,0,,0,0,0,0,0,0,0,0,0,
1,1,0,,0,0,0,,0,0,0,,0,0,0,,1,1,0,86,86,0,0,0,0,
0,0,0,,0,0,0,,0,0,0,,0,0,0,,0,0,0,0,0,0,0,0,0,
1,1,0,,0,0,0,,0,0,0,,0,0,0,,1,1,0,86,86,0,0,0,0,
0,0,0,,0,0,0,,0,0,0,,0,0,0,,0,0,0,0,0,0,0,0,0,
1,1,0,,0,0,0,,0,0,0,,0,0,0,,1,1,0,86,86,0,0,0,0,
0,0,0,,0,0,0,,0,0,0,,0,0,0,,0,0,0,0,0,0,0,0,0,
1,1,0,,0,0,0,,0,0,0,,0,0,0,,1,1,0,86,86,0,0,0,0,
0,0,0,,0,0,0,,0,0,0,,0,0,0,,0,0,0,0,0,0,0,0,0,
1,1,0,,0,0,0,,0,0,0,,0,0,0,,1,1,0,86,86,0,0,0,0,
0,0,0,,0,0,0,,0,0,0,,0,0,0,,0,0,0,0,0,0,0,0,0,
0,0,0,,0,0,0,,0,0,0,,0,0,0,,0,0,0,0,0,0,0,0,0,
0,0,0,,0,0,0,,0,0,0,,0,0,0,,0,0,0,0,0,0,0,0,0,
1,1,0,,0,0,0,,0,0,0,,0,0,0,,1,1,0,86,86,0,0,0,0,
0,0,0,,0,0,0,,0,0,0,,0,0,0,,0,0,0,0,0,0,0,0,0,
1,1,0,,0,0,0,,0,0,0,,0,0,0,,1,1,0,86,86,0,0,0,0,
0,0,0,,0,0,0,,0,0,0,,0,0,0,,0,0,0,0,0,0,0,0,0,
1,1,0,,0,0,0,,0,0,0,,0,0,0,,1,1,0,86,86,0,0,0,0,
