Lcore 0,,,,Lcore 1,,,,Lcore 2,,,,Lcore 3,,,,Lcore 4,,,,Lcore 5,,,,Aggregate statistics,,,,,,,,,,
Current TX rate (PPS),Current RX rate (PPS),Current Drop rate (PPS),,Current TX rate (PPS),Current RX rate (PPS),Current Drop rate (PPS),,Current TX rate (PPS),Current RX rate (PPS),Current Drop rate (PPS),,Current TX rate (PPS),Current RX rate (PPS),Current Drop rate (PPS),,Current TX rate (PPS),Current RX rate (PPS),Current Drop rate (PPS),,Current TX rate (PPS),Current RX rate (PPS),Current Drop rate (PPS),,Total TX rate (PPS),Total RX rate (PPS),Total Drop rate (PPS),Total TX bytes rate,Total RX bytes rate,Total rx H/w drops rate,Total error pkt rate,Total failed transmission rate,Total rx mbuf failure rate
0,0,0,,0,0,0,,0,0,0,,0,0,0,,0,0,0,,0,0,0,,0,0,0,0,0,0,0,0,0,
0,0,0,,0,0,0,,0,0,0,,0,0,0,,0,0,0,,0,0,0,,0,0,0,0,0,0,0,0,0,
0,0,0,,0,0,0,,0,0,0,,0,0,0,,0,0,0,,0,0,0,,0,0,0,0,0,0,0,0,0,
0,0,0,,0,0,0,,0,0,0,,0,0,0,,0,0,0,,0,0,0,,0,0,0,0,0,0,0,0,0,
0,0,0,,0,0,0,,0,0,0,,0,0,0,,0,0,0,,0,0,0,,0,0,0,0,0,0,0,0,0,
0,0,0,,0,0,0,,0,0,0,,0,0,0,,0,0,0,,0,0,0,,0,0,0,0,0,0,0,0,0,
0,0,0,,0,0,0,,0,0,0,,0,0,0,,0,0,0,,0,0,0,,0,0,0,0,0,0,0,0,0,
1327197,1327197,0,,1342153,1342155,0,,1282181,1282181,0,,1278616,1278617,0,,1177689,1177689,0,,1275589,1275589,0,,7683425,7683428,0,1475219136,1475220288,22033,0,0,0,
2608351,2608351,0,,2630483,2630501,0,,2514896,2514896,0,,2508473,2508472,0,,2301173,2301173,0,,2499562,2499570,0,,15062938,15062963,0,2892087936,2892086784,0,0,0,0,
2608770,2608770,0,,2629981,2629964,0,,2514163,2514166,0,,2508493,2508508,0,,2301267,2301267,0,,2500180,2500172,0,,15062854,15062847,0,2892068160,2892068160,0,0,0,0,
2609686,2609686,0,,2630095,2630092,0,,2514142,2514139,0,,2507730,2507715,0,,2300997,2300997,0,,2499880,2499880,0,,15062530,15062509,0,2892000192,2892000192,368,0,0,0,
2608954,2608954,0,,2630408,2630408,0,,2514007,2514007,0,,2507373,2507373,0,,2301747,2301747,0,,2500365,2500365,0,,15062854,15062854,0,2892067968,2892067968,0,0,0,0,
2609226,2609226,0,,2629190,2629190,0,,2515603,2515603,0,,2508096,2508096,0,,2301028,2301028,0,,2499656,2499656,0,,15062799,15062799,0,2892057408,2892059520,55,0,0,0,
2609342,2609342,0,,2629587,2629587,0,,2513979,2513979,0,,2507725,2507725,0,,2301362,2301364,0,,2500657,2500657,0,,15062652,15062654,0,2892030144,2892029184,202,0,0,0,
2609838,2609838,0,,2629918,2629919,0,,2514597,2514603,0,,2507712,2507712,0,,2301246,2301250,0,,2499483,2499483,0,,15062794,15062805,0,2892057984,2892056832,172,0,0,0,
2609523,2609523,0,,2630180,2630179,0,,2514548,2514563,0,,2508020,2508020,0,,2301075,2301069,0,,2499499,2499499,0,,15062845,15062853,0,2892067776,2892067776,4,0,0,0,
2608785,2608785,0,,2628987,2628988,0,,2514357,2514340,0,,2508095,2508100,0,,2301779,2301779,0,,2500539,2500539,0,,15062542,15062531,0,2892007104,2892023616,191,0,0,0,
2608294,2608294,0,,2630619,2630618,0,,2514879,2514875,0,,2507915,2507913,0,,2301869,2301879,0,,2499252,2499254,0,,15062828,15062833,0,2892063360,2892048960,0,0,0,0,
2608484,2608484,0,,2630816,2630820,0,,2514397,2514397,0,,2507890,2507887,0,,2301296,2301286,0,,2499510,2499540,0,,15062393,15062414,0,2891979456,2891994432,0,0,0,0,
2607854,2607854,0,,2631285,2631281,0,,2514991,2514992,0,,2508009,2508012,0,,2301629,2301631,0,,2499557,2499531,0,,15063325,15063301,0,2892157824,2892141120,0,0,0,0,
2608424,2608424,0,,2629727,2629727,0,,2515336,2515335,0,,2508183,2508180,0,,2301907,2301905,0,,2499227,2499221,0,,15062804,15062792,0,2892055488,2892055104,178,0,0,0,
2608073,2608073,0,,2630704,2630704,0,,2514612,2514612,0,,2507778,2507778,0,,2301862,2301862,0,,2499825,2499825,0,,15062854,15062854,0,2892067968,2892067968,0,0,0,0,
2608368,2608368,0,,2631085,2631085,0,,2515783,2515784,0,,2507490,2507490,0,,2300923,2300923,0,,2499204,2499204,0,,15062853,15062854,0,2892067968,2892067968,0,0,0,0,
2608932,2608932,0,,2631009,2631009,0,,2514327,2514326,0,,2507678,2507678,0,,2301759,2301759,0,,2499150,2499150,0,,15062855,15062854,0,2892067968,2892068736,0,0,0,0,
2608822,2608822,0,,2629923,2629923,0,,2515137,2515137,0,,2507548,2507548,0,,2302088,2302088,0,,2499336,2499336,0,,15062854,15062854,0,2892067968,2892067200,0,0,0,0,
2608624,2608624,0,,2630714,2630714,0,,2514292,2514292,0,,2507937,2507937,0,,2301560,2301560,0,,2499727,2499727,0,,15062854,15062854,0,2892067968,2892067968,0,0,0,0,
2609781,2609781,0,,2629609,2629609,0,,2514944,2514946,0,,2508753,2508754,0,,2300658,2300658,0,,2499112,2499116,0,,15062857,15062864,0,2892070272,2892073728,0,0,0,0,
2609353,2609353,0,,2630640,2630640,0,,2513893,2513891,0,,2508302,2508301,0,,2301452,2301452,0,,2499135,2499132,0,,15062775,15062769,0,2892052800,2892050880,76,0,0,0,
2609063,2609063,0,,2629992,2629992,0,,2514986,2514986,0,,2508023,2508023,0,,2301844,2301844,0,,2498946,2498945,0,,15062854,15062853,0,2892066240,2892064896,0,0,0,0,
2608642,2608642,0,,2630008,2630008,0,,2514893,2514893,0,,2508772,2508772,0,,2301316,2301316,0,,2499351,2499351,0,,15062982,15062982,0,2892092544,2892092352,0,0,0,0,
2608821,2608821,0,,2630098,2630098,0,,2514078,2514078,0,,2509024,2509024,0,,2301625,2301625,0,,2499208,2499208,0,,15062854,15062854,0,2892067968,2892067968,0,0,0,0,
2609026,2609026,0,,2630381,2630381,0,,2514244,2514244,0,,2508214,2508214,0,,2301773,2301773,0,,2499125,2499125,0,,15062763,15062763,0,2892050496,2892050496,91,0,0,0,
2608247,2608247,0,,2629955,2629962,0,,2515370,2515370,0,,2508908,2508908,0,,2301074,2301074,0,,2499307,2499311,0,,15062861,15062872,0,2892073536,2892079104,0,0,0,0,
2608436,2608436,0,,2629989,2629982,0,,2514557,2514564,0,,2508643,2508643,0,,2301339,2301347,0,,2499753,2499756,0,,15062717,15062728,0,2892043968,2892043392,140,0,0,0,
2608456,2608456,0,,2630252,2630252,0,,2514505,2514498,0,,2508774,2508774,0,,2300836,2300828,0,,2500034,2500043,0,,15062857,15062851,0,2892066624,2892065472,0,0,0,0,
2609481,2609481,0,,2629844,2629844,0,,2514201,2514201,0,,2508957,2508957,0,,2301065,2301065,0,,2499306,2499296,0,,15062854,15062844,0,2892067968,2892067776,0,0,0,0,
2608698,2608698,0,,2630274,2630277,0,,2514379,2514386,0,,2508902,2508920,0,,2300598,2300598,0,,2499936,2499930,0,,15062787,15062809,0,2892055872,2892052224,136,0,0,0,
2608999,2608999,0,,2630447,2630456,0,,2513666,2513675,0,,2508683,2508676,0,,2301353,2301359,0,,2499699,2499699,0,,15062847,15062864,0,2892069888,2892069888,0,0,0,0,
2609005,2609005,0,,2629813,2629801,0,,2513927,2513911,0,,2508305,2508294,0,,2302111,2302105,0,,2499719,2499719,0,,15062880,15062835,0,2892064320,2892064320,23,0,0,0,
2608918,2608918,0,,2630802,2630802,0,,2514824,2514824,0,,2507683,2507683,0,,2301093,2301093,0,,2499489,2499489,0,,15062809,15062809,0,2892059328,2892059328,49,0,0,0,
2609141,2609141,0,,2629491,2629491,0,,2514073,2514073,0,,2508842,2508842,0,,2301028,2301028,0,,2500238,2500238,0,,15062813,15062813,0,2892060096,2892060096,41,0,0,0,
2608420,2608420,0,,2630478,2630478,0,,2514836,2514864,0,,2508409,2508409,0,,2301230,2301230,0,,2499453,2499453,0,,15062826,15062854,0,2892067968,2892067968,0,0,0,0,
2608676,2608676,0,,2630052,2630052,0,,2514168,2514172,0,,2508451,2508451,0,,2301231,2301231,0,,2500251,2500251,0,,15062829,15062833,0,2892063936,2892067968,0,0,0,0,
2609782,2609782,0,,2629958,2629958,0,,2514199,2514167,0,,2507737,2507737,0,,2300981,2300981,0,,2499872,2499872,0,,15062529,15062497,0,2891999424,2891995584,378,0,0,0,
2608886,2608886,0,,2630492,2630492,0,,2513956,2513956,0,,2507431,2507431,0,,2301707,2301707,0,,2500382,2500382,0,,15062854,15062854,0,2892068928,2892071232,0,0,0,0,
2609254,2609254,0,,2629189,2629191,0,,2515629,2515638,0,,2508042,2508044,0,,2301058,2301072,0,,2499644,2499655,0,,15062816,15062854,0,2892064320,2892067392,57,0,0,0,
2609385,2609385,0,,2629595,2629594,0,,2514064,2514055,0,,2507700,2507698,0,,2301355,2301345,0,,2500650,2500639,0,,15062749,15062716,0,2892045504,2892048000,102,0,0,0,
2609960,2609960,0,,2629863,2629862,0,,2514481,2514486,0,,2507692,2507702,0,,2301230,2301226,0,,2499553,2499553,0,,15062779,15062789,0,2892057024,2892051264,73,0,0,0,
2609434,2609434,0,,2630151,2630151,0,,2514621,2514616,0,,2508073,2508063,0,,2301031,2301034,0,,2499507,2499507,0,,15062817,15062805,0,2892057216,2892063168,32,0,0,0,
2608939,2608939,0,,2629151,2629151,0,,2514304,2514304,0,,2508120,2508120,0,,2301809,2301806,0,,2500400,2500400,0,,15062723,15062720,0,2892040704,2892045312,107,0,0,0,
2608368,2608368,0,,2630496,2630509,0,,2514938,2514942,0,,2507889,2507897,0,,2301708,2301720,0,,2499499,2499511,0,,15062898,15062947,0,2892086208,2892073344,0,0,0,0,
2608508,2608508,0,,2630808,2630800,0,,2514463,2514459,0,,2507967,2507959,0,,2301527,2301515,0,,2499197,2499217,0,,15062470,15062458,0,2891985408,2891995392,0,0,0,0,
2607851,2607851,0,,2631369,2631368,0,,2514768,2514784,0,,2507979,2507994,0,,2301541,2301547,0,,2499747,2499719,0,,15063255,15063263,0,2892152640,2892142656,0,0,0,0,
2608560,2608560,0,,2629603,2629602,0,,2515437,2515433,0,,2508059,2508069,0,,2301936,2301930,0,,2499217,2499213,0,,15062812,15062807,0,2892059328,2892065664,0,0,0,0,
2608160,2608160,0,,2630449,2630476,0,,2514684,2514672,0,,2507925,2507900,0,,2301804,2301804,0,,2499896,2499896,0,,15062918,15062908,0,2892077952,2892071616,0,0,0,0,
2608299,2608299,0,,2631439,2631409,0,,2515689,2515689,0,,2507405,2507405,0,,2301021,2301021,0,,2499031,2499031,0,,15062884,15062854,0,2892068544,2892070272,0,0,0,0,
2608933,2608933,0,,2630870,2630870,0,,2514402,2514402,0,,2507624,2507624,0,,2301761,2301761,0,,2499264,2499264,0,,15062854,15062854,0,2892067584,2892068160,0,0,0,0,
2608763,2608763,0,,2629956,2629956,0,,2515149,2515149,0,,2507552,2507552,0,,2302109,2302109,0,,2499325,2499325,0,,15062854,15062854,0,2892067776,2892066432,0,0,0,0,
2608629,2608629,0,,2630750,2630750,0,,2514220,2514220,0,,2508045,2508045,0,,2301488,2301488,0,,2499722,2499722,0,,15062854,15062854,0,2892068544,2892069696,0,0,0,0,
2608438,2608438,0,,2629694,2629694,0,,2514980,2514991,0,,2508664,2508675,0,,2300707,2300713,0,,2499172,2499184,0,,15061655,15061695,0,2891844672,2891845824,1216,0,0,0,
2609473,2609473,0,,2630582,2630590,0,,2513825,2513823,0,,2508340,2508333,0,,2301439,2301433,0,,2499125,2499113,0,,15062784,15062765,0,2892051648,2892054144,84,0,0,0,
2608898,2608898,0,,2630076,2630069,0,,2515031,2515024,0,,2507995,2507991,0,,2301723,2301727,0,,2498937,2498937,0,,15062660,15062646,0,2892028416,2892023040,163,0,0,0,
2608764,2608764,0,,2629902,2629908,0,,2514873,2514881,0,,2508608,2508630,0,,2301395,2301395,0,,2499331,2499337,0,,15062873,15062915,0,2892074496,2892081792,0,0,0,0,
2608630,2608630,0,,2630115,2630132,0,,2514122,2514112,0,,2509178,2509156,0,,2301687,2301683,0,,2499135,2499129,0,,15062867,15062842,0,2892072384,2892068736,0,0,0,0,
2608874,2608874,0,,2630370,2630346,0,,2514180,2514180,0,,2508169,2508195,0,,2301784,2301784,0,,2499198,2499198,0,,15062575,15062577,0,2892012288,2892008256,349,0,0,0,
2608205,2608205,0,,2629946,2629952,0,,2515412,2515432,0,,2508937,2508919,0,,2301059,2301066,0,,2499267,2499267,0,,15062826,15062841,0,2892065472,2892065472,0,0,0,0,
2608274,2608274,0,,2629995,2629991,0,,2514548,2514528,0,,2508633,2508625,0,,2301214,2301212,0,,2499840,2499840,0,,15062504,15062470,0,2891994240,2892000960,343,0,0,0,
2608386,2608386,0,,2630220,2630219,0,,2514510,2514510,0,,2508813,2508813,0,,2300955,2300950,0,,2499920,2499920,0,,15062804,15062798,0,2892057216,2892064128,0,0,0,0,
2609560,2609560,0,,2629904,2629903,0,,2514217,2514217,0,,2508897,2508897,0,,2301063,2301063,0,,2499322,2499322,0,,15062963,15062962,0,2892088704,2892075072,0,0,0,0,
2084892,2084892,0,,2102302,2102302,0,,2007714,2007714,0,,2006613,2006613,0,,1838271,1838271,0,,1999167,1999167,0,,12038959,12038959,0,2311480128,2311480128,17,0,0,0,
0,0,0,,0,0,0,,0,0,0,,0,0,0,,0,0,0,,0,0,0,,0,0,0,0,0,0,0,0,0,
0,0,0,,0,0,0,,0,0,0,,0,0,0,,0,0,0,,0,0,0,,0,0,0,0,0,0,0,0,0,
0,0,0,,0,0,0,,0,0,0,,0,0,0,,0,0,0,,0,0,0,,0,0,0,0,0,0,0,0,0,
3563804,3563804,0,,3592627,3592628,0,,3435084,3435085,0,,3426210,3426239,0,,3143703,3143734,0,,3413537,3413566,0,,20574965,20575056,0,3950399616,3950412288,1181,0,0,0,
3908744,3908744,0,,3947706,3947706,0,,3775066,3775066,0,,3762340,3762311,0,,3454038,3454007,0,,3744680,3744651,0,,22592574,22592485,0,4337768448,4337757504,1501,0,0,0,
3915715,3915715,0,,3942993,3943002,0,,3768857,3768858,0,,3761667,3761667,0,,3450702,3450708,0,,3752530,3752530,0,,22592464,22592480,0,4337755968,4337763648,1350,0,0,0,
3910726,3910726,0,,3946553,3946554,0,,3773513,3773511,0,,3764885,3764885,0,,3451876,3451870,0,,3745302,3745327,0,,22592855,22592873,0,4337831616,4337822208,1088,0,0,0,
3912869,3912869,0,,3944076,3944097,0,,3771812,3771832,0,,3758517,3758518,0,,3452794,3452794,0,,3751119,3751095,0,,22591187,22591205,0,4337511360,4337517696,2506,0,0,0,
3913177,3913177,0,,3945188,3945156,0,,3770750,3770730,0,,3765898,3765909,0,,3451707,3451722,0,,3746241,3746255,0,,22592961,22592949,0,4337845248,4337841984,1318,0,0,0,
3912319,3912319,0,,3945428,3945428,0,,3773648,3773649,0,,3757030,3757018,0,,3453466,3453452,0,,3750121,3750106,0,,22592012,22591972,0,4337661888,4337661888,1920,0,0,0,
3913706,3913706,0,,3943470,3943485,0,,3769225,3769255,0,,3768144,3768144,0,,3449967,3449966,0,,3747867,3747867,0,,22592379,22592423,0,4337742912,4337739840,1664,0,0,0,
3912861,3912861,0,,3945888,3945882,0,,3773934,3773913,0,,3756871,3756875,0,,3453635,3453643,0,,3748243,3748254,0,,22591432,22591428,0,4337554176,4337554176,2525,0,0,0,
3913628,3913628,0,,3942430,3942421,0,,3770019,3770009,0,,3765799,3765796,0,,3450277,3450269,0,,3750097,3750098,0,,22592250,22592221,0,4337706816,4337709120,1764,0,0,0,
3912010,3912010,0,,3946222,3946254,0,,3773424,3773424,0,,3759789,3759788,0,,3454667,3454667,0,,3745870,3745858,0,,22591982,22592001,0,4337664576,4337666112,1935,0,0,0,
3915679,3915679,0,,3942078,3942046,0,,3769698,3769698,0,,3763685,3763686,0,,3448933,3448963,0,,3752328,3752328,0,,22592401,22592400,0,4337735232,4337743872,1438,0,0,0,
3908536,3908536,0,,3947357,3947369,0,,3774913,3774921,0,,3762381,3762397,0,,3454354,3454329,0,,3744842,3744852,0,,22592383,22592404,0,4337747520,4337735040,1677,0,0,0,
3915940,3915940,0,,3943037,3943027,0,,3768676,3768669,0,,3761727,3761735,0,,3450671,3450666,0,,3752656,3752646,0,,22592707,22592683,0,4337794560,4337800704,1195,0,0,0,
3910565,3910565,0,,3946669,3946667,0,,3773887,3773886,0,,3764785,3764778,0,,3452089,3452089,0,,3745169,3745169,0,,22593164,22593154,0,4337886144,4337880000,907,0,0,0,
3913053,3913053,0,,3944376,3944408,0,,3770935,3770967,0,,3758630,3758617,0,,3452695,3452702,0,,3751578,3751600,0,,22591267,22591347,0,4337527104,4337543040,1907,0,0,0,
3913172,3913172,0,,3945066,3945048,0,,3771146,3771136,0,,3765836,3765831,0,,3451612,3451605,0,,3745670,3745648,0,,22592502,22592440,0,4337759040,4337743872,2223,0,0,0,
3912217,3912217,0,,3945227,3945244,0,,3773865,3773843,0,,3757141,3757141,0,,3453359,3453366,0,,3750484,3750485,0,,22592293,22592296,0,4337721792,4337731584,1539,0,0,0,
3913848,3913848,0,,3943647,3943616,0,,3769192,3769192,0,,3768165,3768165,0,,3450216,3450209,0,,3747602,3747601,0,,22592670,22592631,0,4337785152,4337775360,1456,0,0,0,
3913176,3913176,0,,3946221,3946222,0,,3773853,3773885,0,,3756705,3756705,0,,3453355,3453358,0,,3748572,3748575,0,,22591882,22591921,0,4337641536,4337651136,1921,0,0,0,
3913509,3913509,0,,3942025,3942038,0,,3770138,3770112,0,,3766154,3766154,0,,3450308,3450315,0,,3750016,3750013,0,,22592150,22592141,0,4337699904,4337695488,2019,0,0,0,
3912042,3912042,0,,3946341,3946330,0,,3773517,3773511,0,,3759766,3759776,0,,3454499,3454517,0,,3746244,3746247,0,,22592409,22592423,0,4337745600,4337739648,1512,0,0,0,
3916045,3916045,0,,3942454,3942451,0,,3769669,3769680,0,,3763620,3763617,0,,3448990,3448962,0,,3751592,3751614,0,,22592370,22592369,0,4337727936,4337732736,1621,0,0,0,
3908778,3908778,0,,3947325,3947337,0,,3774788,3774777,0,,3761999,3761994,0,,3454770,3454771,0,,3744777,3744766,0,,22592437,22592423,0,4337750400,4337753664,1490,0,0,0,
3915909,3915909,0,,3942401,3942400,0,,3768561,3768571,0,,3761987,3761991,0,,3450463,3450462,0,,3752295,3752313,0,,22591616,22591646,0,4337588544,4337588352,1806,0,0,0,
3910597,3910597,0,,3946343,3946332,0,,3774113,3774113,0,,3764600,3764594,0,,3452143,3452143,0,,3744893,3744861,0,,22592689,22592640,0,4337793024,4337785728,1780,0,0,0,
3913009,3913009,0,,3943894,3943926,0,,3770638,3770628,0,,3758908,3758908,0,,3452601,3452602,0,,3751544,3751549,0,,22590594,22590622,0,4337393280,4337402496,2472,0,0,0,
3913199,3913199,0,,3945715,3945683,0,,3771524,3771526,0,,3765553,3765555,0,,3451598,3451599,0,,3745664,3745663,0,,22593253,22593225,0,4337905728,4337899584,1612,0,0,0,
3912392,3912392,0,,3944717,3944730,0,,3773671,3773684,0,,3757331,3757329,0,,3453343,3453341,0,,3750419,3750415,0,,22591873,22591891,0,4337642688,4337639232,2042,0,0,0,
3913295,3913295,0,,3944015,3944002,0,,3769375,3769367,0,,3768242,3768242,0,,3450164,3450174,0,,3747635,3747635,0,,22592726,22592715,0,4337803776,4337803584,1246,0,0,0,
3913352,3913352,0,,3945991,3945995,0,,3773608,3773602,0,,3756698,3756702,0,,3453426,3453416,0,,3748463,3748478,0,,22591538,22591545,0,4337573184,4337578368,2577,0,0,0,
3912286,3912286,0,,3942332,3942329,0,,3770168,3770168,0,,3766154,3766151,0,,3450420,3450448,0,,3749492,3749481,0,,22590852,22590863,0,4337441472,4337445120,2839,0,0,0,
3911801,3911801,0,,3946330,3946329,0,,3773641,3773640,0,,3759544,3759557,0,,3454260,3454232,0,,3746048,3746044,0,,22591624,22591603,0,4337592960,4337584128,2332,0,0,0,
3914451,3914451,0,,3942150,3942150,0,,3769516,3769517,0,,3763859,3763845,0,,3449161,3449161,0,,3751639,3751661,0,,22590776,22590785,0,4337432064,4337433024,3192,0,0,0,
3908844,3908844,0,,3946966,3946966,0,,3774583,3774597,0,,3761704,3761709,0,,3454888,3454902,0,,3745043,3745029,0,,22592028,22592047,0,4337670912,4337672640,1883,0,0,0,
3915979,3915979,0,,3942232,3942235,0,,3768782,3768767,0,,3762096,3762091,0,,3450044,3450030,0,,3752438,3752462,0,,22591571,22591564,0,4337574912,4337590464,1529,0,0,0,
3910309,3910309,0,,3946678,3946675,0,,3774236,3774239,0,,3764489,3764489,0,,3452350,3452354,0,,3745136,3745104,0,,22593198,22593170,0,4337894976,4337877120,1554,0,0,0,
3913624,3913624,0,,3944026,3944052,0,,3770570,3770567,0,,3759369,3759369,0,,3452867,3452863,0,,3752127,3752131,0,,22592583,22592606,0,4337786304,4337792256,1263,0,0,0,
3912856,3912856,0,,3946133,3946122,0,,3771651,3771655,0,,3765133,3765143,0,,3451530,3451530,0,,3745168,3745164,0,,22592471,22592470,0,4337748096,4337741760,1556,0,0,0,
3912585,3912585,0,,3944857,3944868,0,,3773522,3773523,0,,3757482,3757475,0,,3453144,3453144,0,,3750850,3750867,0,,22592440,22592462,0,4337752704,4337765568,1481,0,0,0,
3912963,3912963,0,,3944163,3944137,0,,3769442,3769440,0,,3768142,3768149,0,,3450262,3450275,0,,3747457,3747472,0,,22592429,22592436,0,4337743296,4337736960,1461,0,0,0,
3913599,3913599,0,,3945588,3945591,0,,3773499,3773512,0,,3756753,3756749,0,,3453305,3453292,0,,3749048,3749016,0,,22591792,22591759,0,4337622144,4337615616,2252,0,0,0,
3913182,3913182,0,,3942671,3942668,0,,3770184,3770168,0,,3766346,3766340,0,,3450343,3450343,0,,3749415,3749415,0,,22592141,22592116,0,4337686272,4337690304,1883,0,0,0,
3911973,3911973,0,,3946202,3946221,0,,3773753,3773757,0,,3759329,3759335,0,,3454307,3454307,0,,3746361,3746361,0,,22591925,22591954,0,4337658240,4337660928,1939,0,0,0,
3915965,3915965,0,,3942452,3942447,0,,3769229,3769241,0,,3764053,3764053,0,,3449094,3449094,0,,3751637,3751642,0,,22592430,22592442,0,4337749056,4337745408,1560,0,0,0,
3908976,3908976,0,,3946917,3946903,0,,3774693,3774678,0,,3761617,3761611,0,,3454934,3454934,0,,3744786,3744812,0,,22591923,22591914,0,4337639424,4337642304,1946,0,0,0,
3915969,3915969,0,,3942636,3942655,0,,3769197,3769196,0,,3762356,3762356,0,,3450275,3450275,0,,3752212,3752211,0,,22592645,22592662,0,4337790720,4337791680,1233,0,0,0,
3910236,3910236,0,,3946615,3946626,0,,3773957,3773957,0,,3763864,3763864,0,,3452414,3452414,0,,3745533,3745504,0,,22592619,22592601,0,4337779008,4337779200,1399,0,0,0,
3913549,3913549,0,,3943382,3943355,0,,3770536,3770536,0,,3759833,3759833,0,,3452561,3452561,0,,3752152,3752151,0,,22592013,22591985,0,4337667072,4337668992,1870,0,0,0,
3912670,3912670,0,,3946380,3946377,0,,3771747,3771748,0,,3764998,3764998,0,,3451726,3451758,0,,3744944,3744944,0,,22592465,22592495,0,4337759040,4337753856,1461,0,0,0,
3912335,3912335,0,,3944992,3944992,0,,3773330,3773330,0,,3757505,3757505,0,,3452853,3452853,0,,3750717,3750717,0,,22591732,22591732,0,4337606592,4337611776,2211,0,0,0,
3912763,3912763,0,,3943998,3943998,0,,3769560,3769562,0,,3768211,3768213,0,,3450470,3450439,0,,3747046,3747046,0,,22592048,22592021,0,4337674176,4337672448,1975,0,0,0,
3913586,3913586,0,,3945362,3945374,0,,3773615,3773615,0,,3756691,3756692,0,,3453393,3453392,0,,3749244,3749244,0,,22591891,22591903,0,4337647488,4337640576,2027,0,0,0,
3913121,3913121,0,,3942634,3942634,0,,3769867,3769883,0,,3766422,3766419,0,,3450313,3450343,0,,3749207,3749207,0,,22591564,22591607,0,4337580096,4337585472,2376,0,0,0,
3912243,3912243,0,,3946181,3946169,0,,3773907,3773888,0,,3759223,3759229,0,,3453904,3453874,0,,3746309,3746315,0,,22591767,22591718,0,4337618496,4337612736,2121,0,0,0,
3914939,3914939,0,,3942268,3942268,0,,3769280,3769280,0,,3764148,3764144,0,,3449303,3449303,0,,3751432,3751426,0,,22591370,22591360,0,4337538624,4337539584,2597,0,0,0,
3909506,3909506,0,,3946763,3946774,0,,3774489,3774501,0,,3761464,3761462,0,,3454999,3454999,0,,3744546,3744566,0,,22591767,22591808,0,4337626752,4337625792,2128,0,0,0,
3916077,3916077,0,,3942449,3942438,0,,3769543,3769533,0,,3762063,3762063,0,,3450373,3450379,0,,3752479,3752465,0,,22592984,22592955,0,4337849280,4337852928,901,0,0,0,
3909842,3909842,0,,3946662,3946669,0,,3773894,3773892,0,,3764006,3764006,0,,3452588,3452593,0,,3745078,3745088,0,,22592070,22592090,0,4337679360,4337675904,1852,0,0,0,
3914001,3914001,0,,3943713,3943717,0,,3770207,3770227,0,,3759954,3759960,0,,3452144,3452165,0,,3752287,3752303,0,,22592306,22592373,0,4337725632,4337738304,1418,0,0,0,
3912568,3912568,0,,3945935,3945924,0,,3771748,3771746,0,,3765071,3765072,0,,3451836,3451804,0,,3744933,3744901,0,,22592091,22592015,0,4337681472,4337668608,2081,0,0,0,
3912390,3912390,0,,3945212,3945212,0,,3773430,3773412,0,,3757620,3757620,0,,3452804,3452827,0,,3750739,3750739,0,,22592195,22592200,0,4337697792,4337697792,1777,0,0,0,
1784289,1784289,0,,1799022,1799022,0,,1720342,1720342,0,,1715721,1715714,0,,1574717,1574694,0,,1709539,1709539,0,,10303630,10303600,0,1978291200,1978291200,1042,0,0,0,
0,0,0,,0,0,0,,0,0,0,,0,0,0,,0,0,0,,0,0,0,,0,0,0,0,0,0,0,0,0,
0,0,0,,0,0,0,,0,0,0,,0,0,0,,0,0,0,,0,0,0,,0,0,0,0,0,0,0,0,0,
985540,985540,0,,998037,998068,0,,956255,956268,0,,948652,948652,0,,874404,874425,0,,945595,945595,0,,5708483,5708548,0,1096031232,1096041600,3717,0,0,0,
4572148,4572148,0,,4599563,4599532,0,,4407690,4407692,0,,4399524,4399532,0,,4033915,4033894,0,,4373212,4373230,0,,26386052,26386028,0,5066130432,5066121216,15880,0,0,0,
4574270,4574270,0,,4596931,4596941,0,,4404825,4404810,0,,4396240,4396232,0,,4032408,4032415,0,,4379269,4379251,0,,26383943,26383919,0,5065709376,5065722816,17446,0,0,0,
4568947,4568947,0,,4601621,4601625,0,,4410068,4410082,0,,4392354,4392385,0,,4036020,4036013,0,,4375528,4375528,0,,26384538,26384580,0,5065833408,5065825728,18102,0,0,0,
4570492,4570492,0,,4599007,4599002,0,,4406314,4406304,0,,4401749,4401724,0,,4031765,4031779,0,,4373850,4373850,0,,26383177,26383151,0,5065573440,5065574592,18020,0,0,0,
4575969,4575969,0,,4597501,4597492,0,,4405865,4405862,0,,4394089,4394115,0,,4032972,4032990,0,,4379243,4379275,0,,26385639,26385703,0,5066034432,5066053248,15448,0,0,0,
4569313,4569313,0,,4602110,4602117,0,,4409831,4409862,0,,4393565,4393537,0,,4035903,4035871,0,,4373654,4373631,0,,26384376,26384331,0,5065809792,5065790400,17448,0,0,0,
4571544,4571544,0,,4598347,4598363,0,,4406245,4406213,0,,4400692,4400695,0,,4033061,4033066,0,,4374790,4374792,0,,26384679,26384673,0,5065857792,5065852224,17397,0,0,0,
4573449,4573449,0,,4596770,4596765,0,,4406814,4406823,0,,4394399,4394406,0,,4033365,4033360,0,,4379026,4379026,0,,26383823,26383829,0,5065693056,5065696512,18634,0,0,0,
4569096,4569096,0,,4601211,4601197,0,,4409723,4409723,0,,4394631,4394648,0,,4035198,4035205,0,,4373354,4373367,0,,26383213,26383236,0,5065572096,5065579392,17365,0,0,0,
4571521,4571521,0,,4599070,4599098,0,,4405487,4405488,0,,4400631,4400600,0,,4032300,4032293,0,,4376333,4376338,0,,26385342,26385338,0,5065985280,5065987776,16306,0,0,0,
4573305,4573305,0,,4598211,4598196,0,,4407555,4407574,0,,4393078,4393097,0,,4034354,4034385,0,,4378742,4378713,0,,26385245,26385270,0,5065976832,5065967616,16284,0,0,0,
4571550,4571550,0,,4602036,4602019,0,,4409334,4409335,0,,4396214,4396195,0,,4035107,4035107,0,,4372374,4372374,0,,26386615,26386580,0,5066223168,5066224512,15280,0,0,0,
4572524,4572524,0,,4599127,4599145,0,,4404368,4404338,0,,4399085,4399085,0,,4031641,4031610,0,,4378397,4378426,0,,26385142,26385128,0,5065945728,5065955328,16644,0,0,0,
4571079,4571079,0,,4599264,4599278,0,,4409625,4409657,0,,4392224,4392227,0,,4034775,4034786,0,,4377111,4377084,0,,26384078,26384111,0,5065741248,5065740096,16692,0,0,0,
4571766,4571766,0,,4600415,4600383,0,,4408464,4408441,0,,4398645,4398648,0,,4034419,4034419,0,,4373310,4373313,0,,26387019,26386970,0,5066312064,5066296320,15540,0,0,0,
4574247,4574247,0,,4597524,4597532,0,,4404976,4404967,0,,4396995,4397000,0,,4031952,4031952,0,,4378726,4378752,0,,26384420,26384450,0,5065813056,5065818816,17044,0,0,0,
4569129,4569129,0,,4601057,4601081,0,,4409711,4409711,0,,4392309,4392308,0,,4035936,4035956,0,,4375723,4375693,0,,26383865,26383878,0,5065698816,5065705920,17716,0,0,0,
4572149,4572149,0,,4599264,4599232,0,,4407039,4407046,0,,4401084,4401103,0,,4032379,4032358,0,,4374032,4374033,0,,26385947,26385921,0,5066096832,5066096256,15898,0,0,0,
4575893,4575893,0,,4598436,4598436,0,,4405070,4405063,0,,4394858,4394841,0,,4032381,4032380,0,,4379290,4379295,0,,26385928,26385908,0,5066103936,5066092608,15759,0,0,0,
4568477,4568477,0,,4602271,4602303,0,,4409888,4409888,0,,4393296,4393300,0,,4036343,4036334,0,,4374043,4374045,0,,26384318,26384347,0,5065790976,5065801728,16798,0,0,0,
4571412,4571412,0,,4599516,4599484,0,,4405874,4405875,0,,4400930,4400914,0,,4033243,4033244,0,,4374754,4374749,0,,26385729,26385678,0,5066051136,5066039424,16505,0,0,0,
4575013,4575013,0,,4596746,4596752,0,,4406801,4406832,0,,4394120,4394122,0,,4032788,4032817,0,,4379610,4379610,0,,26385078,26385146,0,5065936704,5065949760,16437,0,0,0,
4570089,4570089,0,,4603105,4603131,0,,4410160,4410128,0,,4394012,4394021,0,,4035504,4035498,0,,4372350,4372372,0,,26385220,26385239,0,5065962624,5065966464,16442,0,0,0,
4571572,4571572,0,,4598027,4597996,0,,4405404,4405404,0,,4401219,4401219,0,,4032483,4032462,0,,4376618,4376618,0,,26385323,26385271,0,5065985280,5065972608,16499,0,0,0,
4574042,4574042,0,,4598143,4598142,0,,4407198,4407230,0,,4393037,4393026,0,,4033696,4033698,0,,4378729,4378708,0,,26384845,26384846,0,5065884480,5065893504,16576,0,0,0,
4571487,4571487,0,,4601266,4601266,0,,4408933,4408901,0,,4395671,4395671,0,,4035851,4035846,0,,4372346,4372341,0,,26385554,26385512,0,5066024832,5066013504,16328,0,0,0,
4572103,4572103,0,,4598546,4598554,0,,4405443,4405443,0,,4400365,4400369,0,,4031128,4031139,0,,4377881,4377913,0,,26385466,26385521,0,5066021760,5066023296,15773,0,0,0,
4571495,4571495,0,,4599394,4599416,0,,4408549,4408581,0,,4392178,4392180,0,,4034936,4034925,0,,4377711,4377693,0,,26384263,26384290,0,5065766784,5065777920,16908,0,0,0,
4571732,4571732,0,,4600346,4600320,0,,4409359,4409350,0,,4397558,4397570,0,,4034791,4034791,0,,4372608,4372626,0,,26386394,26386389,0,5066187264,5066187456,16272,0,0,0,
4573986,4573986,0,,4597972,4597968,0,,4404837,4404814,0,,4398005,4397987,0,,4031602,4031605,0,,4379027,4379027,0,,26385429,26385387,0,5066004096,5065996032,16255,0,0,0,
4569577,4569577,0,,4601267,4601299,0,,4409501,4409501,0,,4391939,4391939,0,,4035531,4035557,0,,4376089,4376057,0,,26383904,26383930,0,5065707072,5065712832,17464,0,0,0,
4572434,4572434,0,,4598070,4598044,0,,4407355,4407362,0,,4400379,4400379,0,,4033392,4033371,0,,4373552,4373552,0,,26385182,26385142,0,5065960128,5065951104,16707,0,0,0,
4575045,4575045,0,,4598495,4598495,0,,4404855,4404849,0,,4395512,4395512,0,,4032157,4032176,0,,4379721,4379750,0,,26385785,26385827,0,5066067072,5066078400,15757,0,0,0,
4568630,4568630,0,,4602115,4602120,0,,4410315,4410319,0,,4393126,4393134,0,,4035740,4035717,0,,4375005,4375008,0,,26384931,26384928,0,5065910592,5065910016,16450,0,0,0,
4571683,4571683,0,,4598208,4598200,0,,4405511,4405511,0,,4401272,4401276,0,,4033161,4033187,0,,4374208,4374176,0,,26384043,26384033,0,5065734144,5065731072,17830,0,0,0,
4575301,4575301,0,,4596655,4596659,0,,4406170,4406174,0,,4393901,4393903,0,,4032983,4032985,0,,4379754,4379786,0,,26384764,26384808,0,5065884864,5065884288,16202,0,0,0,
4569939,4569939,0,,4602462,4602456,0,,4410316,4410311,0,,4393681,4393667,0,,4035482,4035482,0,,4373037,4373005,0,,26384917,26384860,0,5065891584,5065890816,17180,0,0,0,
4570545,4570545,0,,4598757,4598756,0,,4405525,4405543,0,,4401492,4401495,0,,4032698,4032666,0,,4375764,4375776,0,,26384781,26384781,0,5065885440,5065877568,17379,0,0,0,
4574089,4574089,0,,4598074,4598106,0,,4406919,4406900,0,,4393574,4393576,0,,4033480,4033483,0,,4379153,4379173,0,,26385289,26385327,0,5065975296,5065991808,15815,0,0,0,
4571191,4571191,0,,4601646,4601614,0,,4409594,4409592,0,,4395291,4395318,0,,4035606,4035632,0,,4372766,4372739,0,,26386094,26386086,0,5066123136,5066116608,15972,0,0,0,
4570938,4570938,0,,4599000,4599017,0,,4405667,4405666,0,,4400478,4400452,0,,4031835,4031806,0,,4377421,4377448,0,,26385339,26385327,0,5065988352,5065985472,16203,0,0,0,
4572180,4572180,0,,4599102,4599085,0,,4408043,4408049,0,,4392396,4392390,0,,4034731,4034763,0,,4378459,4378427,0,,26384911,26384894,0,5065902528,5065911552,16571,0,0,0,
4572346,4572346,0,,4600839,4600839,0,,4409042,4409048,0,,4396899,4396905,0,,4034728,4034711,0,,4372020,4372030,0,,26385874,26385879,0,5066093760,5066076672,16213,0,0,0,
4573248,4573248,0,,4600331,4600335,0,,4404469,4404486,0,,4398070,4398072,0,,4031780,4031765,0,,4378751,4378741,0,,26386649,26386647,0,5066231232,5066244672,14532,0,0,0,
4570530,4570530,0,,4599530,4599558,0,,4409898,4409869,0,,4392585,4392593,0,,4034995,4034995,0,,4376742,4376742,0,,26384280,26384287,0,5065780032,5065785408,17443,0,0,0,
4572074,4572074,0,,4600250,4600218,0,,4407700,4407705,0,,4399534,4399522,0,,4033854,4033862,0,,4373691,4373708,0,,26387103,26387089,0,5066326848,5066310720,14741,0,0,0,
4574275,4574275,0,,4598979,4598979,0,,4404873,4404868,0,,4396210,4396206,0,,4032379,4032402,0,,4379399,4379413,0,,26386115,26386143,0,5066134080,5066136384,15356,0,0,0,
4568624,4568624,0,,4601794,4601819,0,,4410060,4410063,0,,4392434,4392435,0,,4036066,4036038,0,,4375644,4375620,0,,26384622,26384599,0,5065847808,5065843200,17674,0,0,0,
4571854,4571854,0,,4598802,4598778,0,,4406290,4406296,0,,4401699,4401698,0,,4031843,4031843,0,,4374139,4374163,0,,26384627,26384632,0,5065844352,5065856064,17021,0,0,0,
4575782,4575782,0,,4597388,4597389,0,,4405847,4405843,0,,4394169,4394169,0,,4032985,4033011,0,,4379184,4379182,0,,26385355,26385376,0,5065987008,5065992576,15845,0,0,0,
4569055,4569055,0,,4603586,4603601,0,,4409863,4409887,0,,4393477,4393484,0,,4035843,4035815,0,,4373924,4373916,0,,26385748,26385758,0,5066078016,5066059584,16072,0,0,0,
4571511,4571511,0,,4599179,4599163,0,,4406214,4406185,0,,4400703,4400697,0,,4033048,4033047,0,,4375333,4375322,0,,26385988,26385925,0,5066097216,5066099904,16130,0,0,0,
4574798,4574798,0,,4597796,4597795,0,,4406823,4406824,0,,4394400,4394399,0,,4033405,4033405,0,,4379098,4379088,0,,26386320,26386309,0,5066174400,5066174784,15324,0,0,0,
4570482,4570482,0,,4601812,4601812,0,,4409783,4409782,0,,4394810,4394842,0,,4035195,4035195,0,,4373551,4373553,0,,26385633,26385666,0,5066039616,5066043648,15951,0,0,0,
4571309,4571309,0,,4599008,4599040,0,,4405436,4405442,0,,4400478,4400446,0,,4032310,4032321,0,,4376448,4376477,0,,26384989,26385035,0,5065919040,5065924608,16500,0,0,0,
4573138,4573138,0,,4599310,4599291,0,,4407851,4407874,0,,4393070,4393070,0,,4034412,4034401,0,,4378353,4378322,0,,26386134,26386096,0,5066137728,5066139264,15699,0,0,0,
4571413,4571413,0,,4600748,4600735,0,,4409116,4409116,0,,4396272,4396272,0,,4035024,4035024,0,,4372360,4372362,0,,26384933,26384922,0,5065904832,5065897152,16646,0,0,0,
4572175,4572175,0,,4599914,4599919,0,,4404338,4404322,0,,4399009,4399009,0,,4031691,4031706,0,,4378385,4378402,0,,26385512,26385533,0,5066021952,5066025984,16378,0,0,0,
4570838,4570838,0,,4598411,4598438,0,,4409670,4409689,0,,4392296,4392296,0,,4034811,4034796,0,,4377019,4377000,0,,26383045,26383057,0,5065539840,5065547328,17678,0,0,0,
4571558,4571558,0,,4600336,4600312,0,,4408445,4408413,0,,4398609,4398624,0,,4034348,4034348,0,,4373338,4373338,0,,26386634,26386593,0,5066238144,5066220480,16099,0,0,0,
4573948,4573948,0,,4599375,4599367,0,,4404972,4404974,0,,4397145,4397130,0,,4031976,4031979,0,,4378817,4378849,0,,26386233,26386247,0,5066153664,5066163072,15354,0,0,0,
4569061,4569061,0,,4601229,4601261,0,,4409718,4409720,0,,4392207,4392214,0,,4036029,4036026,0,,4375894,4375862,0,,26384138,26384144,0,5065755456,5065754112,17535,0,0,0,
407492,407492,0,,410385,410353,0,,393428,393424,0,,392536,392529,0,,359865,359865,0,,390900,390900,0,,2354606,2354563,0,452082048,452073408,2425,0,0,0,
0,0,0,,0,0,0,,0,0,0,,0,0,0,,0,0,0,,0,0,0,,0,0,0,0,0,0,0,0,0,
0,0,0,,0,0,0,,0,0,0,,0,0,0,,0,0,0,,0,0,0,,0,0,0,0,0,0,0,0,0,
2920323,2920323,0,,2942370,2942402,0,,2830826,2830845,0,,2816121,2816153,0,,2595769,2595800,0,,2761990,2761991,0,,16867399,16867514,0,3238540800,3238566144,105569,0,0,0,
4865488,4865488,0,,4899804,4899804,0,,4717656,4717666,0,,4695490,4695477,0,,4324346,4324320,0,,4609330,4609361,0,,28112114,28112116,0,5397537408,5397525312,197132,0,0,0,
4863046,4863046,0,,4901326,4901294,0,,4716358,4716329,0,,4698549,4698556,0,,4323464,4323491,0,,4602880,4602880,0,,28105623,28105596,0,5396272896,5396280000,204715,0,0,0,
4858365,4858365,0,,4899976,4899976,0,,4718162,4718162,0,,4696586,4696590,0,,4326635,4326603,0,,4599615,4599615,0,,28099339,28099311,0,5395070016,5395061760,210992,0,0,0,
4864515,4864515,0,,4901793,4901799,0,,4720730,4720731,0,,4694121,4694121,0,,4326998,4326998,0,,4607347,4607344,0,,28115504,28115508,0,5398181760,5398179264,194789,0,0,0,
4865556,4865556,0,,4897139,4897163,0,,4719274,4719274,0,,4695385,4695357,0,,4325152,4325184,0,,4612780,4612783,0,,28115286,28115317,0,5398128960,5398139136,194291,0,0,0,
4870040,4870040,0,,4894797,4894768,0,,4718213,4718243,0,,4700980,4700981,0,,4323409,4323377,0,,4610269,4610237,0,,28117708,28117646,0,5398605696,5398603200,192906,0,0,0,
4866035,4866035,0,,4901813,4901815,0,,4721511,4721480,0,,4702691,4702689,0,,4325422,4325422,0,,4609945,4609977,0,,28127417,28127418,0,5400459456,5400450816,182219,0,0,0,
4861833,4861833,0,,4893439,4893458,0,,4721041,4721041,0,,4692256,4692285,0,,4326821,4326821,0,,4606499,4606499,0,,28101889,28101937,0,5395572672,5395573248,208149,0,0,0,
4862298,4862298,0,,4890882,4890892,0,,4719647,4719652,0,,4689122,4689092,0,,4325500,4325500,0,,4604906,4604906,0,,28092355,28092340,0,5393724096,5393733120,218235,0,0,0,
4865933,4865933,0,,4895823,4895823,0,,4714601,4714628,0,,4697080,4697084,0,,4324179,4324211,0,,4604447,4604444,0,,28102063,28102123,0,5395592832,5395600512,207652,0,0,0,
4864818,4864818,0,,4898698,4898670,0,,4718682,4718682,0,,4697550,4697546,0,,4324974,4324964,0,,4603688,4603691,0,,28108410,28108371,0,5396816640,5396811456,201332,0,0,0,
4860792,4860792,0,,4897625,4897621,0,,4722199,4722171,0,,4696538,4696570,0,,4325843,4325853,0,,4607091,4607091,0,,28110088,28110098,0,5397134976,5397134016,200703,0,0,0,
4867972,4867972,0,,4892042,4892054,0,,4720722,4720733,0,,4694040,4694040,0,,4326823,4326791,0,,4609611,4609579,0,,28111210,28111169,0,5397357312,5397348288,199705,0,0,0,
4862398,4862398,0,,4896606,4896625,0,,4719201,4719186,0,,4698724,4698692,0,,4324416,4324427,0,,4613244,4613244,0,,28114589,28114572,0,5397998016,5398002048,194681,0,0,0,
4869581,4869581,0,,4897310,4897279,0,,4718684,4718698,0,,4700835,4700835,0,,4324186,4324177,0,,4611725,4611754,0,,28122321,28122324,0,5399486784,5399479488,188145,0,0,0,
4861455,4861455,0,,4900472,4900504,0,,4720870,4720863,0,,4698536,4698568,0,,4326331,4326335,0,,4609568,4609568,0,,28117232,28117293,0,5398518912,5398520832,193564,0,0,0,
4862244,4862244,0,,4899491,4899459,0,,4721095,4721120,0,,4693427,4693426,0,,4327035,4327030,0,,4610006,4610005,0,,28113298,28113284,0,5397751488,5397760704,196670,0,0,0,
4865765,4865765,0,,4900306,4900338,0,,4718802,4718800,0,,4696929,4696902,0,,4324601,4324600,0,,4614925,4614905,0,,28121328,28121310,0,5399297280,5399292480,187884,0,0,0,
4867054,4867054,0,,4893604,4893572,0,,4716159,4716132,0,,4703735,4703735,0,,4323412,4323441,0,,4612373,4612365,0,,28116337,28116299,0,5398323264,5398322112,193892,0,0,0,
4863988,4863988,0,,4903699,4903729,0,,4721674,4721686,0,,4700991,4700991,0,,4326155,4326126,0,,4608928,4608958,0,,28125435,28125478,0,5400085824,5400087744,185276,0,0,0,
4873124,4873124,0,,4900905,4900875,0,,4721527,4721532,0,,4695384,4695380,0,,4326602,4326602,0,,4612114,4612116,0,,28129656,28129629,0,5400896640,5400897792,180382,0,0,0,
4865655,4865655,0,,4894989,4894992,0,,4720819,4720802,0,,4698446,4698477,0,,4325240,4325246,0,,4614643,4614643,0,,28119792,28119815,0,5399001984,5399003712,190435,0,0,0,
4871499,4871499,0,,4894964,4894993,0,,4717133,4717147,0,,4700881,4700861,0,,4324270,4324295,0,,4614022,4614019,0,,28122769,28122814,0,5399568768,5399569152,186614,0,0,0,
4866973,4866973,0,,4905159,4905157,0,,4719244,4719227,0,,4702722,4702716,0,,4325020,4325001,0,,4611475,4611478,0,,28130593,28130552,0,5401072512,5401069440,180164,0,0,0,
4868418,4868418,0,,4897774,4897776,0,,4724329,4724337,0,,4699335,4699362,0,,4325916,4325905,0,,4611727,4611726,0,,28127499,28127524,0,5400483648,5400488256,182232,0,0,0,
4867199,4867199,0,,4898428,4898401,0,,4722823,4722847,0,,4694264,4694234,0,,4326570,4326601,0,,4612735,4612707,0,,28122019,28121989,0,5399422272,5399418624,188649,0,0,0,
4870471,4870471,0,,4892954,4892955,0,,4716522,4716490,0,,4702089,4702101,0,,4324537,4324537,0,,4614689,4614718,0,,28121262,28121272,0,5399283648,5399288448,188857,0,0,0,
4867584,4867584,0,,4904390,4904390,0,,4717505,4717505,0,,4704041,4704036,0,,4324246,4324243,0,,4610943,4610943,0,,28128709,28128701,0,5400712896,5400708480,181202,0,0,0,
4864236,4864236,0,,4898752,4898749,0,,4720384,4720396,0,,4696009,4696000,0,,4326358,4326329,0,,4608340,4608340,0,,28114079,28114050,0,5397901440,5397912576,196433,0,0,0,
4867831,4867831,0,,4897467,4897477,0,,4721081,4721083,0,,4694427,4694459,0,,4326787,4326819,0,,4612297,4612272,0,,28119890,28119941,0,5399025024,5399010240,190420,0,0,0,
4870780,4870780,0,,4900367,4900384,0,,4720091,4720108,0,,4698758,4698737,0,,4324415,4324392,0,,4616652,4616677,0,,28131063,28131078,0,5401158912,5401168320,178125,0,0,0,
4857410,4857410,0,,4887443,4887418,0,,4715965,4715966,0,,4695606,4695609,0,,4322836,4322857,0,,4636475,4636474,0,,28115735,28115734,0,5398233408,5398223232,190624,0,0,0,
4864000,4864000,0,,4898804,4898802,0,,4720513,4720508,0,,4701343,4701361,0,,4326685,4326655,0,,4646771,4646770,0,,28158116,28158096,0,5406347904,5406350976,152510,0,0,0,
4858997,4858997,0,,4890071,4890081,0,,4719123,4719104,0,,4687661,4687661,0,,4326140,4326141,0,,4644961,4644963,0,,28126953,28126947,0,5400387840,5400388032,178217,0,0,0,
4865773,4865773,0,,4902384,4902400,0,,4716847,4716862,0,,4695035,4695009,0,,4325367,4325398,0,,4653236,4653234,0,,28158642,28158676,0,5406451776,5406448704,150977,0,0,0,
4867057,4867057,0,,4897029,4897032,0,,4716617,4716626,0,,4699383,4699377,0,,4323539,4323520,0,,4649775,4649753,0,,28153400,28153365,0,5405445696,5405455488,157254,0,0,0,
4855530,4855530,0,,4896833,4896801,0,,4717942,4717910,0,,4670583,4670588,0,,4324599,4324605,0,,4647869,4647893,0,,28113356,28113327,0,5397779520,5397768192,192062,0,0,0,
4864433,4864433,0,,4897700,4897700,0,,4723172,4723186,0,,4695231,4695258,0,,4326789,4326771,0,,4648108,4648076,0,,28155433,28155424,0,5405827200,5405833344,154253,0,0,0,
4860956,4860956,0,,4896618,4896648,0,,4718658,4718647,0,,4695751,4695730,0,,4325635,4325646,0,,4651084,4651086,0,,28148702,28148713,0,5404552896,5404547712,161680,0,0,0,
4860067,4860067,0,,4877714,4877684,0,,4631227,4631256,0,,4689850,4689847,0,,4322959,4322947,0,,4651031,4651033,0,,28032848,28032834,0,5382307008,5382318336,267718,0,0,0,
4865913,4865913,0,,4900951,4900957,0,,4720191,4720191,0,,4703825,4703826,0,,4324649,4324649,0,,4650605,4650631,0,,28166134,28166167,0,5407895040,5407889088,143335,0,0,0,
4862905,4862905,0,,4901053,4901047,0,,4720144,4720113,0,,4701035,4701055,0,,4325898,4325930,0,,4646806,4646808,0,,28157841,28157858,0,5406308352,5406310080,152446,0,0,0,
4865405,4865405,0,,4894697,4894710,0,,4723018,4723031,0,,4698131,4698134,0,,4326734,4326702,0,,4649833,4649805,0,,28157818,28157787,0,5406309696,5406301056,152861,0,0,0,
4865383,4865383,0,,4890788,4890807,0,,4715921,4715936,0,,4698660,4698647,0,,4324428,4324436,0,,4649139,4649141,0,,28144319,28144350,0,5403707328,5403709440,164779,0,0,0,
4864426,4864426,0,,4901125,4901101,0,,4716343,4716338,0,,4702558,4702546,0,,4324232,4324224,0,,4649901,4649924,0,,28158585,28158559,0,5406450432,5406441024,152169,0,0,0,
4865922,4865922,0,,4901730,4901725,0,,4720454,4720430,0,,4703807,4703800,0,,4326351,4326351,0,,4647557,4647560,0,,28165821,28165788,0,5407827840,5407834752,145283,0,0,0,
4867620,4867620,0,,4893991,4893994,0,,4722640,4722669,0,,4698497,4698529,0,,4327079,4327088,0,,4649442,4649422,0,,28159269,28159322,0,5406581952,5406588672,150369,0,0,0,
4862346,4862346,0,,4893467,4893493,0,,4719861,4719864,0,,4696120,4696088,0,,4324551,4324574,0,,4650959,4650950,0,,28147304,28147315,0,5404288128,5404286016,161855,0,0,0,
4868025,4868025,0,,4895979,4895952,0,,4717674,4717647,0,,4702325,4702325,0,,4323557,4323556,0,,4651263,4651292,0,,28158823,28158797,0,5406489600,5406488256,151532,0,0,0,
4856647,4856647,0,,4888429,4888456,0,,4717318,4717313,0,,4679868,4679868,0,,4324503,4324472,0,,4650013,4650013,0,,28116778,28116769,0,5398416768,5398421184,184892,0,0,0,
4864835,4864835,0,,4899409,4899377,0,,4722195,4722195,0,,4699927,4699957,0,,4326606,4326612,0,,4653896,4653864,0,,28166868,28166840,0,5408039040,5408036928,143039,0,0,0,
4868928,4868928,0,,4896610,4896614,0,,4719415,4719420,0,,4698225,4698204,0,,4325256,4325250,0,,4656916,4656948,0,,28165350,28165364,0,5407746432,5407742208,144887,0,0,0,
4870136,4870136,0,,4893637,4893661,0,,4715465,4715480,0,,4704571,4704562,0,,4324235,4324264,0,,4655624,4655624,0,,28163668,28163727,0,5407430016,5407440960,146287,0,0,0,
4859975,4859975,0,,4899412,4899396,0,,4718034,4718046,0,,4703871,4703871,0,,4324990,4324969,0,,4652281,4652281,0,,28158563,28158538,0,5406449856,5406434304,151238,0,0,0,
4866859,4866859,0,,4897860,4897878,0,,4722514,4722482,0,,4699806,4699838,0,,4325942,4325939,0,,4652083,4652080,0,,28165064,28165076,0,5407684992,5407696320,145023,0,0,0,
4863067,4863067,0,,4897398,4897373,0,,4719705,4719737,0,,4698763,4698761,0,,4326645,4326669,0,,4654658,4654629,0,,28160236,28160236,0,5406759168,5406760896,150133,0,0,0,
4867175,4867175,0,,4896723,4896719,0,,4716969,4716969,0,,4702871,4702841,0,,4324603,4324606,0,,4656463,4656495,0,,28164804,28164805,0,5407641984,5407647744,145310,0,0,0,
4865495,4865495,0,,4896729,4896728,0,,4719689,4719661,0,,4703891,4703898,0,,4324175,4324149,0,,4654467,4654467,0,,28164446,28164398,0,5407578624,5407560960,145974,0,0,0,
4863410,4863410,0,,4894709,4894712,0,,4721566,4721562,0,,4702484,4702509,0,,4326430,4326456,0,,4651222,4651222,0,,28159821,28159871,0,5406680064,5406696960,150690,0,0,0,
4866809,4866809,0,,4896468,4896465,0,,4720524,4720530,0,,4696419,4696419,0,,4326760,4326760,0,,4652045,4652013,0,,28159025,28158996,0,5406537600,5406527232,151116,0,0,0,
4863895,4863895,0,,4897695,4897727,0,,4718465,4718491,0,,4698092,4698092,0,,4324366,4324353,0,,4656178,4656210,0,,28158691,28158768,0,5406473088,5406486528,150581,0,0,0,
3598552,3598552,0,,3622683,3622651,0,,3487670,3487638,0,,3481467,3481435,0,,3197925,3197906,0,,3439216,3439184,0,,20827513,20827366,0,3998872704,3998845440,105394,0,0,0,
0,0,0,,0,0,0,,0,0,0,,0,0,0,,0,0,0,,0,0,0,,0,0,0,0,0,0,0,0,0,
0,0,0,,0,0,0,,0,0,0,,0,0,0,,0,0,0,,0,0,0,,0,0,0,0,0,0,0,0,0,
0,0,0,,0,0,0,,0,0,0,,0,0,0,,0,0,0,,0,0,0,,0,0,0,0,0,0,0,0,0,
4698979,4698979,0,,4722699,4722699,0,,4584166,4584166,0,,4542854,4542854,0,,4218443,4218443,0,,4466385,4466385,0,,27233526,27233526,0,5228841792,5228850432,374553,0,0,0,
4998669,4998669,0,,5019874,5019883,0,,4875401,4875401,0,,4832693,4832701,0,,4486902,4486934,0,,4751122,4751154,0,,28964661,28964742,0,5561219520,5561231424,406355,0,0,0,
4982465,4982465,0,,5013331,5013354,0,,4869479,4869511,0,,4822030,4822022,0,,4486431,4486431,0,,4748149,4748149,0,,28921885,28921932,0,5552992512,5553003840,437452,0,0,0,
4990814,4990814,0,,5014599,5014599,0,,4873675,4873675,0,,4825657,4825658,0,,4487930,4487930,0,,4748659,4748627,0,,28941334,28941303,0,5556742656,5556742464,427408,0,0,0,
4985596,4985596,0,,5010539,5010536,0,,4871896,4871895,0,,4820843,4820874,0,,4486257,4486238,0,,4747166,4747198,0,,28922297,28922337,0,5553083136,5553071808,439274,0,0,0,
4999997,4999997,0,,5021675,5021659,0,,4876447,4876416,0,,4835100,4835098,0,,4487850,4487838,0,,4749559,4749527,0,,28970628,28970535,0,5562355008,5562341376,402246,0,0,0,
4974658,4974658,0,,4995811,4995813,0,,4863048,4863048,0,,4812478,4812480,0,,4484920,4484919,0,,4742588,4742620,0,,28873503,28873538,0,5543714880,5543724480,477968,0,0,0,
4967323,4967323,0,,4991625,4991642,0,,4858052,4858052,0,,4806744,4806744,0,,4481707,4481707,0,,4746230,4746230,0,,28851681,28851698,0,5539529664,5539522560,494015,0,0,0,
4998742,4998742,0,,5021245,5021213,0,,4875434,4875434,0,,4834349,4834349,0,,4487933,4487942,0,,4751633,4751633,0,,28969336,28969313,0,5562111168,5562110016,403281,0,0,0,
5001921,5001921,0,,5022479,5022511,0,,4875206,4875209,0,,4833778,4833746,0,,4487115,4487138,0,,4754309,4754309,0,,28974808,28974834,0,5563158912,5563182912,397097,0,0,0,
4996398,4996398,0,,5018142,5018110,0,,4877473,4877470,0,,4831110,4831110,0,,4486751,4486719,0,,4753364,4753364,0,,28963238,28963171,0,5560934976,5560922304,408311,0,0,0,
5001844,5001844,0,,5023712,5023744,0,,4874967,4874970,0,,4834810,4834815,0,,4488447,4488479,0,,4754161,4754161,0,,28977941,28978013,0,5563766208,5563773120,393401,0,0,0,
4998493,4998493,0,,5024938,5024938,0,,4877789,4877818,0,,4834150,4834147,0,,4488433,4488401,0,,4754092,4754060,0,,28977895,28977857,0,5563761024,5563751232,394177,0,0,0,
4997917,4997917,0,,5025282,5025279,0,,4876794,4876794,0,,4834287,4834317,0,,4488474,4488506,0,,4753071,4753103,0,,28975825,28975916,0,5563351680,5563369344,395417,0,0,0,
4999382,4999382,0,,5027832,5027833,0,,4877465,4877463,0,,4835825,4835813,0,,4487562,4487562,0,,4752999,4752982,0,,28981065,28981035,0,5564377344,5564354688,391358,0,0,0,
4997587,4997587,0,,5023603,5023577,0,,4877484,4877484,0,,4835746,4835726,0,,4487765,4487733,0,,4752782,4752781,0,,28974967,28974888,0,5563184064,5563187520,397077,0,0,0,
5000727,5000727,0,,5024521,5024549,0,,4878725,4878695,0,,4834694,4834726,0,,4486290,4486300,0,,4755069,4755087,0,,28980026,28980084,0,5564169792,5564170368,390925,0,0,0,
5000173,5000173,0,,5021695,5021694,0,,4876028,4876037,0,,4836007,4835997,0,,4487568,4487590,0,,4754464,4754464,0,,28975935,28975955,0,5563377408,5563386048,396586,0,0,0,
4999819,4999819,0,,5020812,5020795,0,,4875821,4875812,0,,4834034,4834013,0,,4486739,4486707,0,,4752903,4752903,0,,28970128,28970049,0,5562261888,5562245760,401375,0,0,0,
4997458,4997458,0,,5022399,5022385,0,,4877537,4877545,0,,4833580,4833608,0,,4487681,4487682,0,,4757261,4757261,0,,28975916,28975939,0,5563381632,5563386624,395962,0,0,0,
5002376,5002376,0,,5024610,5024610,0,,4877133,4877157,0,,4834286,4834257,0,,4487467,4487498,0,,4755013,4755013,0,,28980885,28980911,0,5564327040,5564341440,390943,0,0,0,
4999048,4999048,0,,5027505,5027537,0,,4878214,4878182,0,,4831679,4831679,0,,4488513,4488510,0,,4755535,4755533,0,,28980494,28980489,0,5564254272,5564245632,390603,0,0,0,
4998010,4998010,0,,5022958,5022958,0,,4878316,4878347,0,,4831691,4831706,0,,4488312,4488315,0,,4754748,4754729,0,,28974035,28974065,0,5563011264,5563016832,397800,0,0,0,
4998045,4998045,0,,5021499,5021499,0,,4876156,4876154,0,,4833873,4833890,0,,4487539,4487523,0,,4752003,4751993,0,,28969115,28969104,0,5562077376,5562065856,402802,0,0,0,
5003125,5003125,0,,5023451,5023425,0,,4877362,4877333,0,,4837138,4837138,0,,4488372,4488388,0,,4751857,4751856,0,,28981305,28981265,0,5564402304,5564413824,391417,0,0,0,
5002360,5002360,0,,5021312,5021318,0,,4877561,4877579,0,,4835762,4835760,0,,4486666,4486641,0,,4757102,4757131,0,,28980763,28980789,0,5564313600,5564303808,390216,0,0,0,
4999208,4999208,0,,5020051,5020044,0,,4874220,4874218,0,,4833544,4833544,0,,4487025,4487050,0,,4750642,4750645,0,,28964690,28964709,0,5561228544,5561224704,407612,0,0,0,
4983492,4983492,0,,5009951,5009975,0,,4868896,4868881,0,,4824702,4824704,0,,4485714,4485682,0,,4754507,4754507,0,,28927262,28927241,0,5554017984,5554030464,434511,0,0,0,
4989153,4989153,0,,5011915,5011896,0,,4871683,4871714,0,,4824534,4824520,0,,4486260,4486268,0,,4751934,4751933,0,,28935479,28935484,0,5555618880,5555617152,430813,0,0,0,
4996118,4996118,0,,5019134,5019134,0,,4875160,4875138,0,,4833170,4833155,0,,4487274,4487295,0,,4759104,4759105,0,,28969960,28969945,0,5562230592,5562226944,401718,0,0,0,
4986165,4986165,0,,5013888,5013910,0,,4870791,4870812,0,,4824397,4824397,0,,4486943,4486946,0,,4757694,4757692,0,,28939878,28939922,0,5556458112,5556470400,421963,0,0,0,
4988876,4988876,0,,5017634,5017634,0,,4875405,4875406,0,,4826838,4826838,0,,4487550,4487518,0,,4757327,4757308,0,,28953630,28953580,0,5559099072,5559090432,412773,0,0,0,
4998664,4998664,0,,5023194,5023194,0,,4876800,4876775,0,,4835218,4835247,0,,4487926,4487932,0,,4755678,4755678,0,,28977480,28977490,0,5563678080,5563671552,394860,0,0,0,
4995986,4995986,0,,5020605,5020573,0,,4876523,4876517,0,,4833841,4833841,0,,4488100,4488126,0,,4753142,4753134,0,,28968197,28968177,0,5561884224,5561883840,404111,0,0,0,
4990019,4990019,0,,5019984,5019990,0,,4873125,4873156,0,,4825901,4825901,0,,4486491,4486459,0,,4753215,4753244,0,,28948735,28948769,0,5558164032,5558176512,417540,0,0,0,
4996677,4996677,0,,5019490,5019486,0,,4874773,4874742,0,,4833805,4833773,0,,4486474,4486506,0,,4761013,4760981,0,,28972232,28972165,0,5562661056,5562656448,399120,0,0,0,
4992133,4992133,0,,5016197,5016226,0,,4871971,4871970,0,,4823712,4823744,0,,4485686,4485657,0,,4765144,4765173,0,,28954843,28954903,0,5559341568,5559329472,407434,0,0,0,
4997864,4997864,0,,5018054,5018028,0,,4873855,4873884,0,,4828171,4828139,0,,4486400,4486397,0,,4764448,4764449,0,,28968792,28968761,0,5562009024,5562008256,397798,0,0,0,
5002146,5002146,0,,5019710,5019713,0,,4877427,4877398,0,,4832765,4832767,0,,4486955,4486976,0,,4764268,4764270,0,,28983271,28983270,0,5564776704,5564783424,389280,0,0,0,
5000865,5000865,0,,5024222,5024246,0,,4875984,4875991,0,,4832372,4832374,0,,4488575,4488559,0,,4763052,4763052,0,,28985070,28985087,0,5565134592,5565135168,386378,0,0,0,
4999832,4999832,0,,5021256,5021256,0,,4876418,4876443,0,,4830269,4830275,0,,4488290,4488314,0,,4761713,4761688,0,,28977778,28977808,0,5563733568,5563740672,393606,0,0,0,
4986562,4986562,0,,5012548,5012548,0,,4870195,4870195,0,,4821101,4821123,0,,4486274,4486245,0,,4764466,4764491,0,,28941146,28941164,0,5556696960,5556702144,420454,0,0,0,
4999505,4999505,0,,5024912,5024912,0,,4876063,4876063,0,,4835635,4835635,0,,4487802,4487805,0,,4764616,4764598,0,,28988533,28988518,0,5565806976,5565802752,383949,0,0,0,
4996047,4996047,0,,5019209,5019207,0,,4875711,4875710,0,,4831376,4831375,0,,4487707,4487734,0,,4763784,4763799,0,,28973834,28973872,0,5562973248,5562971328,394461,0,0,0,
4997986,4997986,0,,5019508,5019510,0,,4874582,4874551,0,,4831133,4831134,0,,4485158,4485134,0,,4771415,4771386,0,,28979782,28979701,0,5564126208,5564123712,389445,0,0,0,
5002443,5002443,0,,5022142,5022110,0,,4877412,4877417,0,,4834421,4834419,0,,4487949,4487949,0,,4770918,4770949,0,,28995285,28995287,0,5567084160,5567085312,377301,0,0,0,
4997913,4997913,0,,5017540,5017542,0,,4872717,4872716,0,,4828777,4828747,0,,4486110,4486105,0,,4770799,4770799,0,,28973856,28973822,0,5562980736,5562965184,392649,0,0,0,
5003717,5003717,0,,5023296,5023307,0,,4877434,4877430,0,,4831345,4831346,0,,4487053,4487052,0,,4772294,4772263,0,,28995139,28995115,0,5567067072,5567072448,376977,0,0,0,
5002732,5002732,0,,5021666,5021685,0,,4878530,4878562,0,,4832823,4832854,0,,4488226,4488226,0,,4770833,4770837,0,,28994810,28994896,0,5567006208,5567020224,376443,0,0,0,
4987452,4987452,0,,5013068,5013036,0,,4873204,4873204,0,,4822963,4822931,0,,4486669,4486701,0,,4771902,4771901,0,,28955258,28955225,0,5559411840,5559410304,406726,0,0,0,
4991389,4991389,0,,5013855,5013887,0,,4873588,4873588,0,,4822610,4822618,0,,4486832,4486829,0,,4772030,4772058,0,,28960304,28960369,0,5560376832,5560373952,400736,0,0,0,
4997331,4997331,0,,5020811,5020783,0,,4875236,4875235,0,,4828206,4828203,0,,4486557,4486560,0,,4771621,4771599,0,,28979762,28979711,0,5564114496,5564111808,387644,0,0,0,
4990648,4990648,0,,5009567,5009563,0,,4871818,4871787,0,,4825495,4825522,0,,4486409,4486383,0,,4773261,4773258,0,,28957198,28957161,0,5559778176,5559777216,404365,0,0,0,
5000557,5000557,0,,5023314,5023314,0,,4875592,4875617,0,,4834109,4834106,0,,4486467,4486461,0,,4772351,4772345,0,,28992390,28992400,0,5566539648,5566536192,379205,0,0,0,
4998548,4998548,0,,5022261,5022292,0,,4875183,4875161,0,,4833751,4833726,0,,4487245,4487246,0,,4772737,4772769,0,,28989725,28989742,0,5566023936,5566024320,383045,0,0,0,
4995851,4995851,0,,5015934,5015903,0,,4874851,4874872,0,,4830654,4830650,0,,4485978,4485977,0,,4773038,4773038,0,,28976306,28976291,0,5563453824,5563448640,389526,0,0,0,
4995908,4995908,0,,5016565,5016568,0,,4874725,4874705,0,,4827781,4827802,0,,4486751,4486774,0,,4774353,4774353,0,,28976083,28976110,0,5563413312,5563415232,390849,0,0,0,
4999794,4999794,0,,5024188,5024185,0,,4875319,4875340,0,,4834276,4834267,0,,4487559,4487568,0,,4774917,4774917,0,,28996053,28996071,0,5567239296,5567248896,375899,0,0,0,
4993647,4993647,0,,5019393,5019422,0,,4871573,4871578,0,,4825979,4825967,0,,4487645,4487613,0,,4774353,4774352,0,,28972590,28972579,0,5562743040,5562736128,393475,0,0,0,
5000397,5000397,0,,5024071,5024071,0,,4877711,4877713,0,,4833145,4833150,0,,4488155,4488187,0,,4773745,4773714,0,,28997224,28997232,0,5567455104,5567462784,374216,0,0,0,
4997440,4997440,0,,5022468,5022471,0,,4878582,4878582,0,,4835962,4835989,0,,4487578,4487546,0,,4773119,4773137,0,,28995149,28995165,0,5567067648,5567080896,376756,0,0,0,
4994563,4994563,0,,5019232,5019229,0,,4873557,4873554,0,,4833065,4833065,0,,4487542,4487574,0,,4772903,4772885,0,,28980862,28980870,0,5564325504,5564315136,387081,0,0,0,
2007297,2007297,0,,2016770,2016741,0,,1959262,1959233,0,,1940027,1939995,0,,1805229,1805197,0,,1923934,1923934,0,,11652519,11652397,0,2237283648,2237259264,165383,0,0,0,
0,0,0,,0,0,0,,0,0,0,,0,0,0,,0,0,0,,0,0,0,,0,0,0,0,0,0,0,0,0,
0,0,0,,0,0,0,,0,0,0,,0,0,0,,0,0,0,,0,0,0,,0,0,0,0,0,0,0,0,0,
0,0,0,,0,0,0,,0,0,0,,0,0,0,,0,0,0,,0,0,0,,0,0,0,0,0,0,0,0,0,
0,0,0,,0,0,0,,0,0,0,,0,0,0,,0,0,0,,0,0,0,,0,0,0,0,0,0,0,0,0,
0,0,0,,0,0,0,,0,0,0,,0,0,0,,0,0,0,,0,0,0,,0,0,0,0,0,0,0,0,0,
0,0,0,,0,0,0,,0,0,0,,0,0,0,,0,0,0,,0,0,0,,0,0,0,0,0,0,0,0,0,
0,0,0,,0,0,0,,0,0,0,,0,0,0,,0,0,0,,0,0,0,,0,0,0,0,0,0,0,0,0,
0,0,0,,0,0,0,,0,0,0,,0,0,0,,0,0,0,,0,0,0,,0,0,0,0,0,0,0,0,0,
0,0,0,,0,0,0,,0,0,0,,0,0,0,,0,0,0,,0,0,0,,0,0,0,0,0,0,0,0,0,
0,0,0,,0,0,0,,0,0,0,,0,0,0,,0,0,0,,0,0,0,,0,0,0,0,0,0,0,0,0,
0,0,0,,0,0,0,,0,0,0,,0,0,0,,0,0,0,,0,0,0,,0,0,0,0,0,0,0,0,0,
0,0,0,,0,0,0,,0,0,0,,0,0,0,,0,0,0,,0,0,0,,0,0,0,0,0,0,0,0,0,
0,0,0,,0,0,0,,0,0,0,,0,0,0,,0,0,0,,0,0,0,,0,0,0,0,0,0,0,0,0,
0,0,0,,0,0,0,,0,0,0,,0,0,0,,0,0,0,,0,0,0,,0,0,0,0,0,0,0,0,0,
0,0,0,,0,0,0,,0,0,0,,0,0,0,,0,0,0,,0,0,0,,0,0,0,0,0,0,0,0,0,
0,0,0,,0,0,0,,0,0,0,,0,0,0,,0,0,0,,0,0,0,,0,0,0,0,0,0,0,0,0,
0,0,0,,0,0,0,,0,0,0,,0,0,0,,0,0,0,,0,0,0,,0,0,0,0,0,0,0,0,0,
0,0,0,,0,0,0,,0,0,0,,0,0,0,,0,0,0,,0,0,0,,0,0,0,0,0,0,0,0,0,
0,0,0,,0,0,0,,0,0,0,,0,0,0,,0,0,0,,0,0,0,,0,0,0,0,0,0,0,0,0,
0,0,0,,0,0,0,,0,0,0,,0,0,0,,0,0,0,,0,0,0,,0,0,0,0,0,0,0,0,0,
0,0,0,,0,0,0,,0,0,0,,0,0,0,,0,0,0,,0,0,0,,0,0,0,0,0,0,0,0,0,
0,0,0,,0,0,0,,0,0,0,,0,0,0,,0,0,0,,0,0,0,,0,0,0,0,0,0,0,0,0,
0,0,0,,0,0,0,,0,0,0,,0,0,0,,0,0,0,,0,0,0,,0,0,0,0,0,0,0,0,0,
0,0,0,,0,0,0,,0,0,0,,0,0,0,,0,0,0,,0,0,0,,0,0,0,0,0,0,0,0,0,
0,0,0,,0,0,0,,0,0,0,,0,0,0,,0,0,0,,0,0,0,,0,0,0,0,0,0,0,0,0,
0,0,0,,0,0,0,,0,0,0,,0,0,0,,0,0,0,,0,0,0,,0,0,0,0,0,0,0,0,0,
0,0,0,,0,0,0,,0,0,0,,0,0,0,,0,0,0,,0,0,0,,0,0,0,0,0,0,0,0,0,
0,0,0,,0,0,0,,0,0,0,,0,0,0,,0,0,0,,0,0,0,,0,0,0,0,0,0,0,0,0,
0,0,0,,0,0,0,,0,0,0,,0,0,0,,0,0,0,,0,0,0,,0,0,0,0,0,0,0,0,0,
0,0,0,,0,0,0,,0,0,0,,0,0,0,,0,0,0,,0,0,0,,0,0,0,0,0,0,0,0,0,
0,0,0,,0,0,0,,0,0,0,,0,0,0,,0,0,0,,0,0,0,,0,0,0,0,0,0,0,0,0,
0,0,0,,0,0,0,,0,0,0,,0,0,0,,0,0,0,,0,0,0,,0,0,0,0,0,0,0,0,0,
0,0,0,,0,0,0,,0,0,0,,0,0,0,,0,0,0,,0,0,0,,0,0,0,0,0,0,0,0,0,
0,0,0,,0,0,0,,0,0,0,,0,0,0,,0,0,0,,0,0,0,,0,0,0,0,0,0,0,0,0,
0,0,0,,0,0,0,,0,0,0,,0,0,0,,0,0,0,,0,0,0,,0,0,0,0,0,0,0,0,0,
0,0,0,,0,0,0,,0,0,0,,0,0,0,,0,0,0,,0,0,0,,0,0,0,0,0,0,0,0,0,
0,0,0,,0,0,0,,0,0,0,,0,0,0,,0,0,0,,0,0,0,,0,0,0,0,0,0,0,0,0,
0,0,0,,0,0,0,,0,0,0,,0,0,0,,0,0,0,,0,0,0,,0,0,0,0,0,0,0,0,0,
0,0,0,,0,0,0,,0,0,0,,0,0,0,,0,0,0,,0,0,0,,0,0,0,0,0,0,0,0,0,
0,0,0,,0,0,0,,0,0,0,,0,0,0,,0,0,0,,0,0,0,,0,0,0,0,0,0,0,0,0,
0,0,0,,0,0,0,,0,0,0,,0,0,0,,0,0,0,,0,0,0,,0,0,0,0,0,0,0,0,0,
0,0,0,,0,0,0,,0,0,0,,0,0,0,,0,0,0,,0,0,0,,0,0,0,0,0,0,0,0,0,
0,0,0,,0,0,0,,0,0,0,,0,0,0,,0,0,0,,0,0,0,,0,0,0,0,0,0,0,0,0,
0,0,0,,0,0,0,,0,0,0,,0,0,0,,0,0,0,,0,0,0,,0,0,0,0,0,0,0,0,0,
0,0,0,,0,0,0,,0,0,0,,0,0,0,,0,0,0,,0,0,0,,0,0,0,0,0,0,0,0,0,
0,0,0,,0,0,0,,0,0,0,,0,0,0,,0,0,0,,0,0,0,,0,0,0,0,0,0,0,0,0,
0,0,0,,0,0,0,,0,0,0,,0,0,0,,0,0,0,,0,0,0,,0,0,0,0,0,0,0,0,0,
0,0,0,,0,0,0,,0,0,0,,0,0,0,,0,0,0,,0,0,0,,0,0,0,0,0,0,0,0,0,
