Lcore 0,,,,Lcore 1,,,,Lcore 2,,,,Lcore 3,,,,Lcore 4,,,,Aggregate statistics,,,,,,,,,,
Current TX rate (PPS),Current RX rate (PPS),Current Drop rate (PPS),,Current TX rate (PPS),Current RX rate (PPS),Current Drop rate (PPS),,Current TX rate (PPS),Current RX rate (PPS),Current Drop rate (PPS),,Current TX rate (PPS),Current RX rate (PPS),Current Drop rate (PPS),,Current TX rate (PPS),Current RX rate (PPS),Current Drop rate (PPS),,Total TX rate (PPS),Total RX rate (PPS),Total Drop rate (PPS),Total TX bytes rate,Total RX bytes rate,Total rx H/w drops rate,Total error pkt rate,Total failed transmission rate,Total rx mbuf failure rate
0,0,0,,0,0,0,,0,0,0,,0,0,0,,0,0,0,,0,0,0,0,0,0,0,0,0,
0,0,0,,0,0,0,,0,0,0,,0,0,0,,0,0,0,,0,0,0,0,0,0,0,0,0,
0,0,0,,0,0,0,,0,0,0,,0,0,0,,0,0,0,,0,0,0,0,0,0,0,0,0,
0,0,0,,0,0,0,,0,0,0,,0,0,0,,0,0,0,,0,0,0,0,0,0,0,0,0,
0,0,0,,0,0,0,,0,0,0,,0,0,0,,0,0,0,,0,0,0,0,0,0,0,0,0,
0,0,0,,0,0,0,,0,0,0,,0,0,0,,0,0,0,,0,0,0,0,0,0,0,0,0,
0,0,0,,0,0,0,,0,0,0,,0,0,0,,0,0,0,,0,0,0,0,0,0,0,0,0,
405782,405782,0,,423330,423362,0,,442127,442156,0,,415838,415870,0,,434141,434172,0,,2121218,2121342,0,284243212,407297664,744903,0,0,0,
2795982,2795982,0,,2906689,2906686,0,,3025899,3025902,0,,2856828,2856826,0,,2983059,2983059,0,,14568457,14568455,0,1952181278,2797155648,5515207,0,0,0,
2797684,2797684,0,,2905897,2905900,0,,3027147,3027147,0,,2858767,2858769,0,,2988285,2988286,0,,14577780,14577786,0,1953414480,2798922624,5505924,0,0,0,
2795556,2795556,0,,2900167,2900165,0,,3025571,3025571,0,,2857545,2857542,0,,2985683,2985683,0,,14564522,14564517,0,1951645948,2796388224,5519020,0,0,0,
2788594,2788594,0,,2891601,2891603,0,,3017386,3017386,0,,2850024,2850027,0,,2953352,2953351,0,,14500957,14500961,0,1943128238,2784183552,5579879,0,0,0,
2793819,2793819,0,,2898452,2898451,0,,3025599,3025596,0,,2856913,2856913,0,,2995008,2995006,0,,14569791,14569785,0,1952351994,2797398720,5513904,0,0,0,
2796399,2796399,0,,2899476,2899477,0,,3027598,3027601,0,,2854201,2854198,0,,2996549,2996552,0,,14574223,14574227,0,1952945882,2798251584,5509480,0,0,0,
2791836,2791836,0,,2893896,2893894,0,,3022541,3022539,0,,2846261,2846262,0,,2991795,2991795,0,,14546329,14546326,0,1949208086,2792895552,5537073,0,0,0,
2786980,2786980,0,,2888559,2888559,0,,3018031,3018033,0,,2843044,2843044,0,,2959699,2959697,0,,14496313,14496313,0,1942509962,2783291712,5587386,0,0,0,
2771774,2771774,0,,2871158,2871159,0,,3001571,3001571,0,,2828001,2828000,0,,2930302,2930303,0,,14402806,14402807,0,1929976138,2765338368,5675420,0,0,0,
2787647,2787647,0,,2891118,2891116,0,,3019869,3019869,0,,2844587,2844590,0,,2987661,2987662,0,,14530882,14530884,0,1947134034,2789929728,5552592,0,0,0,
2793564,2793564,0,,2895682,2895685,0,,3025041,3025041,0,,2848632,2848629,0,,2992527,2992525,0,,14555446,14555444,0,1950429764,2794645248,5528372,0,0,0,
2792045,2792045,0,,2897059,2897059,0,,3026152,3026152,0,,2850961,2850963,0,,2995214,2995213,0,,14561431,14561432,0,1951235908,2795794944,5522176,0,0,0,
2795394,2795394,0,,2898098,2898098,0,,3026700,3026700,0,,2850994,2850992,0,,2996439,2996440,0,,14567625,14567624,0,1952057596,2796984000,5516126,0,0,0,
2789847,2789847,0,,2892806,2892803,0,,3021402,3021401,0,,2845805,2845806,0,,2989900,2989901,0,,14539760,14539758,0,1948327840,2791633344,5543938,0,0,0,
2789047,2789047,0,,2893939,2893941,0,,3022559,3022560,0,,2846541,2846543,0,,2992279,2992277,0,,14544365,14544368,0,1948944910,2792518656,5539204,0,0,0,
2793707,2793707,0,,2896799,2896800,0,,3026678,3026678,0,,2851048,2851047,0,,2996009,2996012,0,,14564241,14564244,0,1951612582,2796339648,5519515,0,0,0,
2791654,2791654,0,,2897602,2897599,0,,3026647,3026647,0,,2850338,2850336,0,,2995932,2995932,0,,14562173,14562168,0,1951326894,2795931456,5521426,0,0,0,
2785704,2785704,0,,2895351,2895351,0,,3024866,3024866,0,,2849106,2849106,0,,2997449,2997448,0,,14552476,14552475,0,1950031784,2794075200,5531079,0,0,0,
2781338,2781338,0,,2892435,2892435,0,,3022286,3022254,0,,2846007,2846010,0,,2995600,2995599,0,,14537666,14537636,0,1948051532,2791232064,5546120,0,0,0,
2781055,2781055,0,,2891698,2891700,0,,3022060,3022090,0,,2845261,2845261,0,,2991579,2991578,0,,14531653,14531684,0,1947237214,2790077376,5551857,0,0,0,
2786016,2786016,0,,2890297,2890298,0,,3018800,3018801,0,,2843074,2843074,0,,2989195,2989198,0,,14527382,14527387,0,1946669188,2789258304,5556281,0,0,0,
2786336,2786336,0,,2890860,2890859,0,,3020053,3020054,0,,2844323,2844323,0,,2990863,2990861,0,,14532435,14532433,0,1947346290,2790227136,5551235,0,0,0,
2783151,2783151,0,,2887686,2887687,0,,3017791,3017791,0,,2841938,2841938,0,,2985717,2985718,0,,14516283,14516285,0,1945181922,2787126720,5567457,0,0,0,
2780205,2780205,0,,2887048,2887046,0,,3016398,3016398,0,,2841657,2841625,0,,2984179,2984180,0,,14509487,14509454,0,1944271258,2785822464,5574157,0,0,0,
2785155,2785155,0,,2884380,2884379,0,,3012410,3012410,0,,2837366,2837397,0,,2980136,2980135,0,,14499447,14499476,0,1942934072,2783897664,5584256,0,0,0,
2789352,2789352,0,,2885758,2885761,0,,3014390,3014387,0,,2837211,2837209,0,,2981161,2981162,0,,14507872,14507871,0,1944046674,2785505664,5575749,0,0,0,
2788975,2788975,0,,2894995,2894992,0,,3018963,3018966,0,,2842848,2842851,0,,2988916,2988916,0,,14534697,14534700,0,1947649398,2790662400,5549101,0,0,0,
2786256,2786256,0,,2894399,2894399,0,,3018606,3018605,0,,2842917,2842917,0,,2988275,2988275,0,,14530453,14530452,0,1947080702,2789846784,5553030,0,0,0,
2777167,2777167,0,,2886560,2886563,0,,3010783,3010784,0,,2834989,2834989,0,,2977606,2977606,0,,14487105,14487109,0,1941272070,2781524928,5596610,0,0,0,
2775667,2775667,0,,2882097,2882097,0,,3008998,3008998,0,,2831461,2831458,0,,2978350,2978350,0,,14476573,14476570,0,1939860782,2779501440,5607236,0,0,0,
2783920,2783920,0,,2889715,2889713,0,,3018146,3018146,0,,2834457,2834459,0,,2987580,2987579,0,,14513818,14513817,0,1944855766,2786652864,5569334,0,0,0,
2786008,2786008,0,,2886248,2886247,0,,3018046,3018046,0,,2833812,2833811,0,,2987147,2987148,0,,14511261,14511260,0,1944513128,2786161920,5572403,0,0,0,
2793061,2793061,0,,2888613,2888616,0,,3016146,3016145,0,,2832497,2832497,0,,2984289,2984289,0,,14514606,14514608,0,1944957204,2786810880,5568983,0,0,0,
2790158,2790158,0,,2890666,2890663,0,,3018807,3018807,0,,2835011,2835013,0,,2988176,2988174,0,,14522818,14522815,0,1946053190,2788380096,5560735,0,0,0,
2801109,2801109,0,,2895794,2895797,0,,3023298,3023299,0,,2840154,2840154,0,,2995468,2995470,0,,14555823,14555829,0,1950476396,2794713408,5527829,0,0,0,
2800149,2800149,0,,2896309,2896309,0,,3025575,3025574,0,,2841761,2841761,0,,2998165,2998164,0,,14561959,14561957,0,1951306660,2795895744,5521633,0,0,0,
2802175,2802175,0,,2898450,2898447,0,,3025284,3025285,0,,2841863,2841863,0,,2994833,2994834,0,,14562605,14562604,0,1951384916,2796019968,5521024,0,0,0,
2800117,2800117,0,,2907372,2907375,0,,3024919,3024917,0,,2841389,2841389,0,,2995260,2995259,0,,14569057,14569057,0,1952253638,2797259328,5514540,0,0,0,
2801416,2801416,0,,2911461,2911460,0,,3024852,3024854,0,,2841030,2841028,0,,2994348,2994349,0,,14573107,14573107,0,1952800492,2798042304,5510644,0,0,0,
2795187,2795187,0,,2900243,2900244,0,,3018778,3018778,0,,2835665,2835667,0,,2986753,2986753,0,,14536626,14536629,0,1947908018,2791026624,5547015,0,0,0,
2798976,2798976,0,,2906596,2906596,0,,3025769,3025768,0,,2841847,2841845,0,,2993698,2993698,0,,14566886,14566883,0,1951958436,2796841536,5516649,0,0,0,
2799357,2799357,0,,2904377,2904377,0,,3023161,3023159,0,,2840716,2840717,0,,2993211,2993211,0,,14560822,14560821,0,1951150148,2795677632,5522762,0,0,0,
2797539,2797539,0,,2904815,2904815,0,,3023962,3023964,0,,2840764,2840765,0,,2992374,2992371,0,,14559454,14559454,0,1950966836,2795415168,5524270,0,0,0,
2789553,2789553,0,,2901637,2901637,0,,3015586,3015587,0,,2832529,2832529,0,,2981613,2981615,0,,14520918,14520921,0,1945807300,2788016832,5562644,0,0,0,
2796340,2796340,0,,2905118,2905117,0,,3021873,3021872,0,,2838290,2838290,0,,2988630,2988629,0,,14550251,14550248,0,1949733634,2793647616,5533386,0,0,0,
2803309,2803309,0,,2914087,2914087,0,,3026078,3026079,0,,2843263,2843263,0,,2994017,2994019,0,,14580754,14580757,0,1953816748,2799505920,5502915,0,0,0,
2802104,2802104,0,,2908406,2908404,0,,3026249,3026247,0,,2842509,2842508,0,,2997992,2997989,0,,14577260,14577252,0,1953352840,2798831808,5506249,0,0,0,
2798813,2798813,0,,2907170,2907173,0,,3025950,3025952,0,,2842946,2842947,0,,2997843,2997846,0,,14572722,14572731,0,1952749036,2797964352,5510841,0,0,0,
2796123,2796123,0,,2906649,2906648,0,,3026076,3026076,0,,2843253,2843251,0,,2997034,2997032,0,,14569135,14569130,0,1952263822,2797272960,5514632,0,0,0,
2791533,2791533,0,,2896632,2896632,0,,3023201,3023201,0,,2840003,2840002,0,,2990774,2990776,0,,14542143,14542144,0,1948643142,2792091648,5541440,0,0,0,
2793454,2793454,0,,2897990,2897991,0,,3026906,3026906,0,,2842599,2842600,0,,2996244,2996244,0,,14557193,14557195,0,1950663862,2794981440,5526459,0,0,0,
2794054,2794054,0,,2899061,2899058,0,,3025850,3025850,0,,2842631,2842633,0,,2994701,2994701,0,,14556297,14556296,0,1950548086,2794808832,5527162,0,0,0,
2790930,2790930,0,,2904464,2904467,0,,3026280,3026280,0,,2843575,2843543,0,,2994507,2994507,0,,14559756,14559727,0,1951007304,2795480064,5523972,0,0,0,
2795124,2795124,0,,2899300,2899300,0,,3027271,3027271,0,,2843364,2843394,0,,2994983,2994983,0,,14560042,14560072,0,1951041340,2795521344,5523621,0,0,0,
2791683,2791683,0,,2892471,2892469,0,,3022751,3022749,0,,2839854,2839856,0,,2990904,2990903,0,,14537663,14537660,0,1948046842,2791230720,5545942,0,0,0,
2791885,2791885,0,,2896843,2896845,0,,3026084,3026083,0,,2843311,2843310,0,,2995163,2995164,0,,14553286,14553287,0,1950140324,2794231104,5530447,0,0,0,
2800706,2800706,0,,2896521,2896521,0,,3026502,3026473,0,,2843173,2843174,0,,2995662,2995662,0,,14562564,14562536,0,1951383576,2796012864,5521149,0,0,0,
2802938,2802938,0,,2897416,2897416,0,,3027032,3027062,0,,2843605,2843605,0,,2996074,2996074,0,,14567065,14567095,0,1951990998,2796876672,5516521,0,0,0,
2800572,2800572,0,,2895449,2895449,0,,3023359,3023361,0,,2840041,2840039,0,,2992061,2992061,0,,14551482,14551482,0,1949894300,2793884160,5532104,0,0,0,
2801316,2801316,0,,2896361,2896361,0,,3024436,3024436,0,,2840975,2840976,0,,2993002,2993001,0,,14556090,14556090,0,1950520348,2794769280,5527567,0,0,0,
2795568,2795568,0,,2897971,2897970,0,,3025750,3025750,0,,2841791,2841792,0,,2993890,2993891,0,,14554970,14554971,0,1950361692,2794554432,5528823,0,0,0,
2795816,2795816,0,,2903287,2903287,0,,3027486,3027483,0,,2843220,2843217,0,,2995674,2995674,0,,14565483,14565477,0,1951778608,2796572544,5518188,0,0,0,
473462,473462,0,,494931,494900,0,,515457,515428,0,,484255,484226,0,,510022,509990,0,,2478127,2478006,0,332065132,475776192,939784,0,0,0,
0,0,0,,0,0,0,,0,0,0,,0,0,0,,0,0,0,,0,0,0,0,0,0,0,0,0,
0,0,0,,0,0,0,,0,0,0,,0,0,0,,0,0,0,,0,0,0,0,0,0,0,0,0,
1072025,1072025,0,,1072023,1072034,0,,1072015,1072030,0,,1072016,1072033,0,,1072019,1072038,0,,5360098,5360160,0,718254606,1029150720,0,0,0,0,
1999868,1999868,0,,1999864,1999864,0,,1999863,1999848,0,,1999847,1999845,0,,1999854,1999840,0,,9999296,9999265,0,1339908344,1919858880,0,0,0,0,
1999858,1999858,0,,1999864,1999853,0,,1999840,1999840,0,,1999855,1999840,0,,1999845,1999840,0,,9999262,9999231,0,1339896954,1919852352,0,0,0,0,
1999864,1999864,0,,1999861,1999881,0,,1999847,1999858,0,,1999847,1999859,0,,1999857,1999857,0,,9999276,9999319,0,1339904458,1919874624,0,0,0,0,
1999873,1999873,0,,1999876,1999856,0,,1999865,1999854,0,,1999865,1999853,0,,1999855,1999855,0,,9999334,9999291,0,1339909282,1919858496,0,0,0,0,
1999866,1999866,0,,1999861,1999873,0,,1999851,1999872,0,,1999850,1999871,0,,1999852,1999865,0,,9999280,9999347,0,1339905128,1919874624,0,0,0,0,
1999871,1999871,0,,1999876,1999864,0,,1999861,1999840,0,,1999862,1999841,0,,1999860,1999847,0,,9999330,9999263,0,1339908612,1919858496,0,0,0,0,
1999808,1999808,0,,1999808,1999822,0,,1999792,1999804,0,,1999792,1999807,0,,1999791,1999803,0,,9998991,9999044,0,1339868010,1919816448,0,0,0,0,
1999878,1999878,0,,1999877,1999863,0,,1999869,1999857,0,,1999869,1999854,0,,1999870,1999858,0,,9999363,9999310,0,1339911426,1919867520,0,0,0,0,
1999858,1999858,0,,1999854,1999866,0,,1999847,1999864,0,,1999841,1999849,0,,1999841,1999849,0,,9999241,9999286,0,1339900438,1919865984,0,0,0,0,
1999872,1999872,0,,1999878,1999866,0,,1999859,1999842,0,,1999865,1999857,0,,1999864,1999856,0,,9999338,9999293,0,1339909148,1919861184,0,0,0,0,
1999872,1999872,0,,1999862,1999878,0,,1999852,1999872,0,,1999852,1999872,0,,1999857,1999872,0,,9999295,9999366,0,1339905530,1919878272,0,0,0,0,
1999866,1999866,0,,1999875,1999859,0,,1999860,1999840,0,,1999860,1999840,0,,1999855,1999840,0,,9999316,9999245,0,1339908344,1919855040,0,0,0,0,
1999854,1999854,0,,1999853,1999856,0,,1999841,1999847,0,,1999841,1999850,0,,1999841,1999848,0,,9999230,9999255,0,1339898026,1919858880,0,0,0,0,
1999883,1999883,0,,1999884,1999881,0,,1999871,1999865,0,,1999871,1999862,0,,1999871,1999864,0,,9999380,9999355,0,1339915714,1919874240,0,0,0,0,
1999853,1999853,0,,1999853,1999854,0,,1999840,1999841,0,,1999840,1999841,0,,1999841,1999841,0,,9999227,9999230,0,1339896686,1919857920,0,0,0,0,
1999884,1999884,0,,1999884,1999883,0,,1999872,1999871,0,,1999872,1999871,0,,1999871,1999871,0,,9999383,9999380,0,1339917054,1919875200,0,0,0,0,
1999853,1999853,0,,1999853,1999854,0,,1999840,1999844,0,,1999840,1999842,0,,1999841,1999846,0,,9999227,9999239,0,1339897892,1919857344,0,0,0,0,
1999879,1999879,0,,1999861,1999878,0,,1999865,1999861,0,,1999865,1999863,0,,1999865,1999860,0,,9999335,9999341,0,1339911828,1919870016,0,0,0,0,
1999862,1999862,0,,1999877,1999867,0,,1999848,1999853,0,,1999851,1999851,0,,1999847,1999854,0,,9999285,9999287,0,1339904458,1919870784,0,0,0,0,
1999864,1999864,0,,1999865,1999870,0,,1999839,1999859,0,,1999844,1999861,0,,1999853,1999858,0,,9999265,9999312,0,1339898830,1919860224,0,0,0,0,
1999864,1999864,0,,1999866,1999853,0,,1999865,1999840,0,,1999857,1999840,0,,1999852,1999840,0,,9999304,9999237,0,1339906736,1919853504,0,0,0,0,
1999865,1999865,0,,1999859,1999877,0,,1999853,1999872,0,,1999850,1999859,0,,1999850,1999872,0,,9999277,9999345,0,1339904324,1919876736,0,0,0,0,
1999872,1999872,0,,1999878,1999860,0,,1999859,1999840,0,,1999862,1999853,0,,1999862,1999840,0,,9999333,9999265,0,1339909416,1919856384,0,0,0,0,
1999871,1999871,0,,1999869,1999884,0,,1999860,1999872,0,,1999860,1999872,0,,1999859,1999872,0,,9999319,9999371,0,1339908746,1919879232,0,0,0,0,
1999866,1999866,0,,1999868,1999853,0,,1999852,1999840,0,,1999852,1999840,0,,1999853,1999840,0,,9999291,9999239,0,1339904994,1919853888,0,0,0,0,
1999860,1999860,0,,1999853,1999865,0,,1999841,1999853,0,,1999840,1999852,0,,1999843,1999859,0,,9999237,9999289,0,1339902582,1919863488,0,0,0,0,
1999877,1999877,0,,1999875,1999872,0,,1999871,1999859,0,,1999872,1999860,0,,1999869,1999853,0,,9999364,9999321,0,1339911158,1919869632,0,0,0,0,
1999854,1999854,0,,1999862,1999853,0,,1999841,1999846,0,,1999842,1999850,0,,1999841,1999841,0,,9999240,9999244,0,1339897624,1919862336,0,0,0,0,
1999877,1999877,0,,1999853,1999874,0,,1999854,1999860,0,,1999864,1999856,0,,1999865,1999865,0,,9999313,9999332,0,1339911560,1919865024,0,0,0,0,
1999861,1999861,0,,1999885,1999874,0,,1999858,1999861,0,,1999847,1999853,0,,1999847,1999854,0,,9999298,9999303,0,1339903386,1919865408,0,0,0,0,
1999871,1999871,0,,1999859,1999867,0,,1999865,1999851,0,,1999846,1999859,0,,1999861,1999858,0,,9999302,9999306,0,1339910220,1919866752,0,0,0,0,
1999858,1999858,0,,1999871,1999853,0,,1999840,1999841,0,,1999859,1999841,0,,1999844,1999841,0,,9999272,9999234,0,1339897624,1919856000,0,0,0,0,
1999884,1999884,0,,1999884,1999884,0,,1999872,1999871,0,,1999851,1999871,0,,1999872,1999871,0,,9999363,9999381,0,1339916786,1919878080,0,0,0,0,
1999862,1999862,0,,1999863,1999879,0,,1999843,1999856,0,,1999868,1999865,0,,1999852,1999865,0,,9999288,9999327,0,1339903520,1919872704,0,0,0,0,
1999864,1999864,0,,1999859,1999858,0,,1999854,1999856,0,,1999854,1999847,0,,1999845,1999847,0,,9999276,9999272,0,1339901242,1919858304,0,0,0,0,
1999864,1999864,0,,1999868,1999853,0,,1999855,1999840,0,,1999851,1999840,0,,1999855,1999840,0,,9999293,9999237,0,1339905262,1919853504,0,0,0,0,
1999858,1999858,0,,1999858,1999872,0,,1999841,1999851,0,,1999845,1999861,0,,1999841,1999851,0,,9999243,9999293,0,1339898562,1919864256,0,0,0,0,
1999871,1999871,0,,1999865,1999865,0,,1999853,1999859,0,,1999864,1999851,0,,1999853,1999861,0,,9999306,9999307,0,1339911828,1919867328,0,0,0,0,
1999861,1999861,0,,1999867,1999853,0,,1999858,1999842,0,,1999843,1999840,0,,1999858,1999840,0,,9999287,9999236,0,1339899768,1919854080,0,0,0,0,
1999859,1999859,0,,1999854,1999863,0,,1999846,1999866,0,,1999841,1999855,0,,1999846,1999865,0,,9999246,9999308,0,1339900036,1919869056,0,0,0,0,
1999878,1999878,0,,1999883,1999874,0,,1999866,1999846,0,,1999871,1999857,0,,1999866,1999847,0,,9999364,9999302,0,1339913570,1919862912,0,0,0,0,
1999879,1999879,0,,1999879,1999879,0,,1999858,1999866,0,,1999865,1999865,0,,1999865,1999865,0,,9999346,9999354,0,1339913436,1919875968,0,0,0,0,
1999871,1999871,0,,1999870,1999884,0,,1999860,1999872,0,,1999855,1999872,0,,1999850,1999868,0,,9999306,9999367,0,1339905932,1919878464,0,0,0,0,
1999866,1999866,0,,1999867,1999853,0,,1999860,1999840,0,,1999857,1999840,0,,1999862,1999844,0,,9999312,9999243,0,1339907808,1919856192,0,0,0,0,
1999865,1999865,0,,1999854,1999869,0,,1999852,1999865,0,,1999856,1999856,0,,1999856,1999866,0,,9999283,9999321,0,1339905932,1919871744,0,0,0,0,
1999872,1999872,0,,1999883,1999868,0,,1999860,1999847,0,,1999856,1999856,0,,1999856,1999846,0,,9999327,9999289,0,1339908210,1919860608,0,0,0,0,
1999853,1999853,0,,1999853,1999856,0,,1999840,1999840,0,,1999840,1999840,0,,1999840,1999840,0,,9999226,9999229,0,1339896284,1919863104,0,0,0,0,
1999863,1999863,0,,1999857,1999868,0,,1999841,1999860,0,,1999854,1999866,0,,1999851,1999866,0,,9999266,9999323,0,1339903118,1919858112,0,0,0,0,
1999872,1999872,0,,1999880,1999866,0,,1999871,1999852,0,,1999858,1999846,0,,1999861,1999846,0,,9999342,9999282,0,1339909952,1919862144,0,0,0,0,
1999511,1999511,0,,1999853,1999874,0,,1999842,1999861,0,,1999841,1999866,0,,1999846,1999866,0,,9998893,9998978,0,1339851662,1919803776,350,0,0,0,
1999873,1999873,0,,1999878,1999857,0,,1999863,1999844,0,,1999865,1999840,0,,1999860,1999840,0,,9999339,9999254,0,1339911426,1919856768,0,0,0,0,
1999864,1999864,0,,1999869,1999869,0,,1999857,1999857,0,,1999847,1999872,0,,1999847,1999859,0,,9999284,9999321,0,1339905664,1919875392,0,0,0,0,
1999873,1999873,0,,1999868,1999868,0,,1999855,1999855,0,,1999865,1999840,0,,1999865,1999853,0,,9999326,9999289,0,1339908076,1919857728,0,0,0,0,
1999868,1999868,0,,1999869,1999884,0,,1999851,1999868,0,,1999854,1999872,0,,1999853,1999872,0,,9999295,9999364,0,1339905530,1919877888,0,0,0,0,
1999869,1999869,0,,1999868,1999853,0,,1999861,1999844,0,,1999858,1999840,0,,1999859,1999840,0,,9999315,9999246,0,1339908210,1919855232,0,0,0,0,
1999862,1999862,0,,1999857,1999875,0,,1999844,1999855,0,,1999842,1999858,0,,1999845,1999861,0,,9999250,9999311,0,1339900974,1919869824,0,0,0,0,
1999875,1999875,0,,1999880,1999862,0,,1999868,1999857,0,,1999870,1999854,0,,1999867,1999851,0,,9999360,9999299,0,1339912766,1919863296,0,0,0,0,
1999864,1999864,0,,1999863,1999879,0,,1999850,1999866,0,,1999850,1999866,0,,1999845,1999859,0,,9999272,9999334,0,1339904324,1919872128,0,0,0,0,
1999867,1999867,0,,1999869,1999853,0,,1999856,1999840,0,,1999856,1999840,0,,1999860,1999846,0,,9999308,9999246,0,1339905396,1919855232,0,0,0,0,
1999877,1999877,0,,1999864,1999884,0,,1999866,1999872,0,,1999859,1999872,0,,1999872,1999872,0,,9999338,9999377,0,1339916518,1919880384,0,0,0,0,
1999860,1999860,0,,1999873,1999853,0,,1999846,1999840,0,,1999853,1999840,0,,1999840,1999840,0,,9999272,9999233,0,1339897222,1919852736,0,0,0,0,
1651428,1651428,0,,1651428,1651428,0,,1651417,1651417,0,,1651417,1651417,0,,1651418,1651418,0,,8257108,8257108,0,1106452472,1585364736,0,0,0,0,
0,0,0,,0,0,0,,0,0,0,,0,0,0,,0,0,0,,0,0,0,0,0,0,0,0,0,
0,0,0,,0,0,0,,0,0,0,,0,0,0,,0,0,0,,0,0,0,0,0,0,0,0,0,
0,0,0,,0,0,0,,0,0,0,,0,0,0,,0,0,0,,0,0,0,0,0,0,0,0,0,
2321185,2321185,0,,2428197,2428197,0,,2507697,2507728,0,,2352261,2352291,0,,2485470,2485501,0,,12094810,12094902,0,1620708694,2322226752,440579,0,0,0,
2787736,2787736,0,,2917723,2917753,0,,3012642,3012643,0,,2826975,2826975,0,,2986980,2986980,0,,14532056,14532087,0,1947291350,2790155136,530895,0,0,0,
2790649,2790649,0,,2918307,2918306,0,,3012558,3012558,0,,2827029,2827031,0,,2987176,2987177,0,,14535719,14535721,0,1947794520,2790858432,527132,0,0,0,
2788056,2788056,0,,2918508,2918510,0,,3012631,3012620,0,,2827565,2827562,0,,2986885,2986885,0,,14533645,14533633,0,1947506956,2790457536,529516,0,0,0,
2790304,2790304,0,,2917984,2917985,0,,3012586,3012577,0,,2827524,2827495,0,,2986938,2986938,0,,14535336,14535299,0,1947729932,2790785472,527581,0,0,0,
2794054,2794054,0,,2916004,2916004,0,,3012568,3012575,0,,2826852,2826881,0,,2988224,2988221,0,,14537702,14537735,0,1948050460,2791237056,525144,0,0,0,
2791320,2791320,0,,2917048,2917045,0,,3012469,3012482,0,,2827875,2827878,0,,2986801,2986804,0,,14535513,14535529,0,1947763030,2790827712,527255,0,0,0,
2785391,2785391,0,,2917533,2917534,0,,3012606,3012606,0,,2827688,2827686,0,,2987288,2987288,0,,14530506,14530505,0,1947087804,2789856768,532518,0,0,0,
2789975,2789975,0,,2925255,2925256,0,,3012614,3012614,0,,2828735,2828737,0,,2987186,2987185,0,,14543765,14543767,0,1948860222,2792397312,519310,0,0,0,
2787914,2787914,0,,2925379,2925377,0,,3012679,3012653,0,,2828501,2828501,0,,2987532,2987533,0,,14542005,14541978,0,1948628670,2792059776,521062,0,0,0,
2798595,2798595,0,,2925391,2925392,0,,3012442,3012465,0,,2834621,2834619,0,,2986287,2986287,0,,14557336,14557358,0,1950687312,2795012736,505412,0,0,0,
2798227,2798227,0,,2926010,2926012,0,,3012648,3012651,0,,2835327,2835297,0,,2988848,2988848,0,,14561060,14561035,0,1951177752,2795724288,502057,0,0,0,
2797697,2797697,0,,2925774,2925771,0,,3012573,3012571,0,,2835220,2835252,0,,2990164,2990164,0,,14561428,14561455,0,1951239928,2795803392,501509,0,0,0,
2797669,2797669,0,,2922985,2922988,0,,3012551,3012550,0,,2833818,2833818,0,,2986798,2986798,0,,14553821,14553823,0,1950203438,2794324416,509041,0,0,0,
2797918,2797918,0,,2915651,2915651,0,,3012675,3012667,0,,2833741,2833738,0,,2988437,2988437,0,,14548422,14548411,0,1949488548,2793294912,514688,0,0,0,
2799864,2799864,0,,2917423,2917423,0,,3012525,3012534,0,,2834948,2834951,0,,2988627,2988627,0,,14553387,14553399,0,1950162434,2794258752,509416,0,0,0,
2797397,2797397,0,,2915195,2915195,0,,3012649,3012629,0,,2833968,2833966,0,,2988380,2988380,0,,14547589,14547567,0,1949369690,2793126720,515520,0,0,0,
2796199,2796199,0,,2916174,2916174,0,,3012487,3012477,0,,2833374,2833373,0,,2986104,2986103,0,,14544338,14544326,0,1948939952,2792516544,518448,0,0,0,
2797598,2797598,0,,2916866,2916866,0,,3012533,3012563,0,,2829552,2829553,0,,2986758,2986757,0,,14543307,14543337,0,1948807158,2792314752,519703,0,0,0,
2797784,2797784,0,,2915555,2915554,0,,3012114,3012116,0,,2826174,2826176,0,,2985825,2985825,0,,14537452,14537455,0,1948014548,2791191360,525356,0,0,0,
2798343,2798343,0,,2917223,2917224,0,,3012616,3012616,0,,2827518,2827518,0,,2989075,2989076,0,,14544775,14544777,0,1948999850,2792597376,518249,0,0,0,
2799369,2799369,0,,2913670,2913670,0,,3012623,3012623,0,,2828785,2828783,0,,2989359,2989360,0,,14543806,14543805,0,1948870004,2792410368,519126,0,0,0,
2799527,2799527,0,,2905959,2905957,0,,3012517,3012515,0,,2834367,2834368,0,,2989285,2989284,0,,14541655,14541651,0,1948581770,2791996992,521341,0,0,0,
2797258,2797258,0,,2902428,2902430,0,,3012637,3012636,0,,2833670,2833669,0,,2986016,2986015,0,,14532009,14532008,0,1947293494,2790151488,530966,0,0,0,
2799501,2799501,0,,2916095,2916092,0,,3012563,3012566,0,,2834626,2834625,0,,2988815,2988817,0,,14551600,14551601,0,1949913998,2793901440,511400,0,0,0,
2799061,2799061,0,,2914433,2914436,0,,3012654,3012654,0,,2834469,2834472,0,,2985208,2985208,0,,14545825,14545831,0,1949136664,2792799552,517265,0,0,0,
2798403,2798403,0,,2915000,2915000,0,,3012528,3012527,0,,2835774,2835772,0,,2986264,2986264,0,,14547969,14547966,0,1949432134,2793209472,514897,0,0,0,
2801222,2801222,0,,2916459,2916459,0,,3012646,3012647,0,,2835700,2835700,0,,2987338,2987335,0,,14553365,14553363,0,1950146622,2794245696,509611,0,0,0,
2800287,2800287,0,,2923489,2923489,0,,3011541,3011539,0,,2835652,2835651,0,,2986282,2986285,0,,14557251,14557251,0,1950671634,2794992192,504818,0,0,0,
2800760,2800760,0,,2917024,2917024,0,,3010749,3010751,0,,2835553,2835556,0,,2986186,2986186,0,,14550272,14550277,0,1949740736,2793653184,512680,0,0,0,
2798186,2798186,0,,2917872,2917872,0,,3012051,3012051,0,,2830154,2830154,0,,2985268,2985267,0,,14543531,14543530,0,1948833020,2792357760,519554,0,0,0,
2804041,2804041,0,,2916782,2916782,0,,3011629,3011629,0,,2829204,2829204,0,,2986719,2986720,0,,14548375,14548376,0,1949478096,2793288192,514561,0,0,0,
2795415,2795415,0,,2917019,2917019,0,,3011565,3011564,0,,2829790,2829790,0,,2985898,2985898,0,,14539687,14539686,0,1948326634,2791625856,523083,0,0,0,
2798215,2798215,0,,2916529,2916528,0,,3010965,3010966,0,,2828764,2828764,0,,2985554,2985554,0,,14540027,14540027,0,1948355042,2791679808,523086,0,0,0,
2798442,2798442,0,,2916097,2916066,0,,3011037,3011037,0,,2827880,2827879,0,,2984471,2984469,0,,14537927,14537893,0,1948086506,2791286592,524765,0,0,0,
2797468,2797468,0,,2915039,2915070,0,,3009806,3009806,0,,2827496,2827495,0,,2984500,2984502,0,,14534309,14534341,0,1947593118,2790581568,528723,0,0,0,
2799967,2799967,0,,2916684,2916682,0,,3011585,3011584,0,,2829224,2829226,0,,2988250,2988249,0,,14545710,14545708,0,1949129428,2792776512,517282,0,0,0,
2795149,2795149,0,,2916835,2916838,0,,3010872,3010873,0,,2829542,2829541,0,,2988352,2988353,0,,14540750,14540754,0,1948456212,2791824576,522265,0,0,0,
2800736,2800736,0,,2918025,2918025,0,,3011506,3011506,0,,2829122,2829122,0,,2987498,2987498,0,,14546887,14546887,0,1949282858,2793002112,515987,0,0,0,
2797260,2797260,0,,2915693,2915693,0,,3010557,3010557,0,,2828567,2828568,0,,2985542,2985542,0,,14537619,14537620,0,1948040946,2791223424,525026,0,0,0,
2794943,2794943,0,,2915568,2915566,0,,3010155,3010155,0,,2825846,2825846,0,,2984060,2984060,0,,14530572,14530570,0,1947105224,2789874432,532539,0,0,0,
2797132,2797132,0,,2914626,2914625,0,,3007835,3007833,0,,2825124,2825124,0,,2982586,2982586,0,,14527303,14527300,0,1946653912,2789242752,535656,0,0,0,
2797560,2797560,0,,2916567,2916570,0,,3011270,3011272,0,,2828104,2828104,0,,2985085,2985084,0,,14538586,14538590,0,1948170926,2791408320,524380,0,0,0,
2792386,2792386,0,,2913132,2913132,0,,3009352,3009351,0,,2826352,2826352,0,,2984373,2984374,0,,14525595,14525595,0,1946433884,2788921344,537388,0,0,0,
2797927,2797927,0,,2913340,2913338,0,,3009349,3009350,0,,2826611,2826610,0,,2984503,2984501,0,,14531730,14531726,0,1947243378,2790078528,531158,0,0,0,
2792009,2792009,0,,2908996,2908996,0,,3006050,3006048,0,,2823533,2823534,0,,2979095,2979097,0,,14509683,14509684,0,1944297522,2785859328,553206,0,0,0,
2785018,2785018,0,,2900585,2900586,0,,2998519,2998521,0,,2814504,2814501,0,,2935533,2935533,0,,14434159,14434159,0,1934177306,2771360640,627234,0,0,0,
2792886,2792886,0,,2910349,2910348,0,,3007302,3007302,0,,2830598,2830601,0,,2992070,2992067,0,,14533205,14533204,0,1947449470,2790373056,529777,0,0,0,
2799088,2799088,0,,2914179,2914181,0,,3009472,3009472,0,,2833982,2833982,0,,2970973,2970974,0,,14527694,14527697,0,1946710996,2789317824,535223,0,0,0,
2794072,2794072,0,,2914443,2914443,0,,3006554,3006551,0,,2829503,2829503,0,,2984820,2984822,0,,14529392,14529391,0,1946950990,2789654976,534232,0,0,0,
2785161,2785161,0,,2906210,2906210,0,,2999853,2999853,0,,2823945,2823944,0,,2981984,2981982,0,,14497153,14497150,0,1942609926,2783442432,565035,0,0,0,
2786028,2786028,0,,2903181,2903179,0,,2998937,2998940,0,,2822326,2822325,0,,2979086,2979086,0,,14489558,14489558,0,1941596886,2781993600,574233,0,0,0,
2770902,2770902,0,,2898092,2898092,0,,2993868,2993865,0,,2817488,2817488,0,,2974728,2974727,0,,14455078,14455074,0,1936980452,2775374208,606885,0,0,0,
2786442,2786442,0,,2905171,2905172,0,,3001196,3001199,0,,2824310,2824310,0,,2985211,2985214,0,,14502330,14502337,0,1943312220,2784448704,560690,0,0,0,
2793405,2793405,0,,2914933,2914932,0,,3007444,3007444,0,,2830656,2830658,0,,2991453,2991453,0,,14537891,14537892,0,1948077394,2791275264,524941,0,0,0,
2799653,2799653,0,,2921996,2921995,0,,3010782,3010782,0,,2833820,2833820,0,,2995389,2995388,0,,14561640,14561638,0,1951263646,2795834496,501306,0,0,0,
2797207,2797207,0,,2925292,2925295,0,,3009930,3009930,0,,2832362,2832362,0,,2996103,2996104,0,,14560894,14560898,0,1951155910,2795692416,502110,0,0,0,
2799063,2799063,0,,2917746,2917746,0,,3010156,3010156,0,,2833867,2833867,0,,2995807,2995807,0,,14556639,14556639,0,1950589626,2794874688,506302,0,0,0,
2794157,2794157,0,,2916008,2916008,0,,3011072,3011070,0,,2835675,2835675,0,,2995627,2995627,0,,14552539,14552537,0,1950040226,2794087104,510319,0,0,0,
2791905,2791905,0,,2906993,2906993,0,,3002744,3002746,0,,2826399,2826397,0,,2985990,2985958,0,,14514031,14513999,0,1944884442,2786700096,548982,0,0,0,
2790915,2790915,0,,2905975,2905973,0,,3002181,3002181,0,,2825504,2825506,0,,2982673,2982705,0,,14507248,14507280,0,1943971232,2785391616,555730,0,0,0,
2799006,2799006,0,,2914150,2914152,0,,3009218,3009218,0,,2833609,2833609,0,,2992930,2992930,0,,14548913,14548915,0,1949550054,2793386880,514047,0,0,0,
1352866,1352866,0,,1408684,1408652,0,,1455152,1455120,0,,1370224,1370192,0,,1447134,1447102,0,,7034060,7033932,0,942564040,1350513600,249809,0,0,0,
0,0,0,,0,0,0,,0,0,0,,0,0,0,,0,0,0,,0,0,0,0,0,0,0,0,0,
0,0,0,,0,0,0,,0,0,0,,0,0,0,,0,0,0,,0,0,0,0,0,0,0,0,0,
462478,462478,0,,462479,462479,0,,462477,462477,0,,462477,462477,0,,462476,462476,0,,2312387,2312387,0,309859858,443979072,0,0,0,0,
2499830,2499830,0,,2499830,2499831,0,,2499814,2499817,0,,2499813,2499814,0,,2499815,2499817,0,,12499102,12499109,0,1674880472,2399831040,0,0,0,0,
2499832,2499832,0,,2499831,2499830,0,,2499815,2499812,0,,2499815,2499814,0,,2499814,2499812,0,,12499107,12499100,0,1674879668,2399825088,0,0,0,0,
2499827,2499827,0,,2499825,2499830,0,,2499801,2499814,0,,2499804,2499815,0,,2499804,2499815,0,,12499061,12499101,0,1674879400,2399826624,0,0,0,0,
2499813,2499813,0,,2499816,2499811,0,,2499808,2499795,0,,2499801,2499801,0,,2499800,2499801,0,,12499038,12499021,0,1674865732,2399819520,0,0,0,0,
2499831,2499831,0,,2499830,2499830,0,,2499815,2499816,0,,2499819,2499809,0,,2499820,2499809,0,,12499115,12499095,0,1674881946,2399820480,0,0,0,0,
2499813,2499813,0,,2499810,2499830,0,,2499794,2499813,0,,2499794,2499814,0,,2499795,2499812,0,,12499006,12499082,0,1674866268,2399822016,0,0,0,0,
2499827,2499827,0,,2499831,2499811,0,,2499815,2499807,0,,2499811,2499800,0,,2499814,2499816,0,,12499098,12499061,0,1674880472,2399823360,0,0,0,0,
2499826,2499826,0,,2499824,2499825,0,,2499808,2499797,0,,2499813,2499804,0,,2499809,2499790,0,,12499080,12499042,0,1674875648,2399815872,0,0,0,0,
2499804,2499804,0,,2499818,2499817,0,,2499789,2499809,0,,2499789,2499813,0,,2499806,2499805,0,,12499006,12499048,0,1674866536,2399817792,0,0,0,0,
2499849,2499849,0,,2499828,2499840,0,,2499826,2499823,0,,2499826,2499821,0,,2498768,2498786,0,,12498097,12498119,0,1674746606,2399636544,1043,0,0,0,
2499819,2499819,0,,2499826,2499819,0,,2499812,2499794,0,,2499810,2499803,0,,2499810,2499803,0,,12499077,12499038,0,1674875380,2399818560,0,0,0,0,
2499811,2499811,0,,2499810,2499825,0,,2499793,2499805,0,,2499789,2499787,0,,2499790,2499792,0,,12498993,12499020,0,1674867608,2399809344,0,0,0,0,
2499824,2499824,0,,2499826,2499812,0,,2499810,2499798,0,,2499814,2499808,0,,2499814,2499801,0,,12499088,12499043,0,1674876050,2399822592,0,0,0,0,
2499835,2499835,0,,2499834,2499829,0,,2499818,2499822,0,,2499821,2499816,0,,2499817,2499822,0,,12499125,12499124,0,1674881946,2399825856,0,0,0,0,
2499829,2499829,0,,2499831,2499830,0,,2499815,2499811,0,,2499813,2499813,0,,2499814,2499809,0,,12499102,12499092,0,1674879132,2399823552,0,0,0,0,
2499831,2499831,0,,2499830,2499830,0,,2499814,2499814,0,,2499815,2499815,0,,2499815,2499815,0,,12499105,12499105,0,1674880070,2399829312,0,0,0,0,
2499831,2499831,0,,2499831,2499831,0,,2499814,2499815,0,,2499814,2499815,0,,2499814,2499815,0,,12499104,12499107,0,1674880070,2399828544,0,0,0,0,
2499830,2499830,0,,2499830,2499831,0,,2499815,2499814,0,,2499815,2499820,0,,2499815,2499814,0,,12499105,12499109,0,1674880204,2399830656,0,0,0,0,
2499836,2499836,0,,2499836,2499836,0,,2499821,2499822,0,,2499818,2499817,0,,2499820,2499823,0,,12499131,12499134,0,1674883688,2399832768,0,0,0,0,
2499830,2499830,0,,2499830,2499829,0,,2499814,2499813,0,,2499817,2499812,0,,2499815,2499812,0,,12499106,12499096,0,1674879668,2399824320,0,0,0,0,
2499826,2499826,0,,2499831,2499831,0,,2499814,2499814,0,,2499799,2499814,0,,2499814,2499814,0,,12499084,12499099,0,1674879266,2399827200,0,0,0,0,
2499835,2499835,0,,2499830,2499832,0,,2499815,2499816,0,,2499830,2499816,0,,2499815,2499815,0,,12499125,12499114,0,1674881008,2399834496,0,0,0,0,
2499813,2499813,0,,2499810,2499828,0,,2499790,2499807,0,,2499793,2499810,0,,2499793,2499809,0,,12498999,12499067,0,1674865598,2399815488,0,0,0,0,
2499840,2499840,0,,2499841,2499836,0,,2499825,2499822,0,,2499822,2499824,0,,2499821,2499826,0,,12499149,12499148,0,1674887976,2399837376,0,0,0,0,
2499820,2499820,0,,2499821,2499815,0,,2499810,2499800,0,,2499810,2499796,0,,2499810,2499789,0,,12499071,12499020,0,1674874174,2399814528,0,0,0,0,
2499829,2499829,0,,2499829,2499820,0,,2499813,2499808,0,,2499813,2499807,0,,2499814,2499814,0,,12499098,12499078,0,1674878730,2399820480,0,0,0,0,
2499830,2499830,0,,2499831,2499831,0,,2499815,2499815,0,,2499814,2499815,0,,2499814,2499815,0,,12499104,12499106,0,1674880070,2399829120,0,0,0,0,
2499825,2499825,0,,2499813,2499830,0,,2499797,2499814,0,,2499794,2499814,0,,2499807,2499814,0,,12499036,12499097,0,1674876050,2399824704,0,0,0,0,
2499830,2499830,0,,2499844,2499836,0,,2499826,2499821,0,,2499830,2499821,0,,2499821,2499820,0,,12499151,12499128,0,1674880606,2399832576,0,0,0,0,
2499816,2499816,0,,2499814,2499805,0,,2499801,2499789,0,,2499800,2499789,0,,2499796,2499790,0,,12499027,12498989,0,1674870020,2399807424,0,0,0,0,
2499826,2499826,0,,2499819,2499830,0,,2499814,2499814,0,,2499815,2499814,0,,2499815,2499814,0,,12499089,12499098,0,1674878998,2399825280,4,0,0,0,
2499815,2499815,0,,2499817,2499818,0,,2499794,2499808,0,,2499793,2499807,0,,2499794,2499814,0,,12499013,12499062,0,1674869752,2399822400,0,0,0,0,
2499834,2499834,0,,2499835,2499838,0,,2499812,2499815,0,,2499824,2499822,0,,2499812,2499808,0,,12499117,12499117,0,1674884626,2399829120,0,0,0,0,
2499832,2499832,0,,2499840,2499841,0,,2499828,2499827,0,,2499816,2499820,0,,2499828,2499827,0,,12499144,12499147,0,1674878864,2399835072,0,0,0,0,
2499821,2499821,0,,2499821,2499805,0,,2499804,2499788,0,,2499805,2499789,0,,2499804,2499789,0,,12499055,12498992,0,1674873638,2399807232,0,0,0,0,
2499826,2499826,0,,2499830,2499830,0,,2499815,2499815,0,,2499802,2499815,0,,2499814,2499815,0,,12499087,12499101,0,1674879400,2399829504,0,0,0,0,
2499820,2499820,0,,2499808,2499821,0,,2499791,2499805,0,,2499810,2499813,0,,2499795,2499813,0,,12499024,12499072,0,1674870824,2399820672,0,0,0,0,
2499826,2499826,0,,2499833,2499827,0,,2499818,2499807,0,,2499813,2499809,0,,2499818,2499799,0,,12499108,12499068,0,1674877256,2399826048,0,0,0,0,
2499826,2499826,0,,2499811,2499823,0,,2499792,2499812,0,,2499795,2499802,0,,2499811,2499811,0,,12499035,12499074,0,1674878730,2399816064,0,0,0,0,
2499825,2499825,0,,2499849,2499830,0,,2499837,2499814,0,,2499833,2499814,0,,2499815,2499815,0,,12499159,12499098,0,1674878864,2399826240,0,0,0,0,
2499823,2499823,0,,2499810,2499831,0,,2499797,2499815,0,,2499790,2499807,0,,2499794,2499810,0,,12499014,12499086,0,1674867876,2399824512,0,0,0,0,
2499821,2499821,0,,2499826,2499805,0,,2499806,2499788,0,,2499813,2499797,0,,2499809,2499794,0,,12499075,12499005,0,1674876184,2399811840,0,0,0,0,
2499836,2499836,0,,2499835,2499836,0,,2499821,2499822,0,,2499821,2499821,0,,2499821,2499822,0,,12499134,12499137,0,1674884626,2399834304,0,0,0,0,
2499830,2499830,0,,2499831,2499830,0,,2499815,2499815,0,,2499814,2499814,0,,2499814,2499813,0,,12499104,12499102,0,1674879400,2399827008,0,0,0,0,
2499830,2499830,0,,2499830,2499831,0,,2499814,2499813,0,,2499815,2499815,0,,2499816,2499815,0,,12499105,12499104,0,1674879802,2399829120,0,0,0,0,
2499818,2499818,0,,2499822,2499821,0,,2499794,2499814,0,,2499803,2499813,0,,2499803,2499813,0,,12499040,12499079,0,1674871360,2399821440,0,0,0,0,
2499818,2499818,0,,2499813,2499813,0,,2499809,2499789,0,,2499800,2499790,0,,2499799,2499790,0,,12499039,12499000,0,1674871628,2399809728,0,0,0,0,
2499833,2499833,0,,2499836,2499836,0,,2499821,2499821,0,,2499821,2499820,0,,2499821,2499820,0,,12499132,12499130,0,1674883286,2399830464,0,0,0,0,
2499833,2499833,0,,2499831,2499831,0,,2499814,2499814,0,,2499814,2499814,0,,2499814,2499814,0,,12499106,12499106,0,1674880338,2399828160,0,0,0,0,
2499823,2499823,0,,2499814,2499830,0,,2499815,2499815,0,,2499794,2499815,0,,2499814,2499814,0,,12499060,12499097,0,1674878864,2399825856,0,0,0,0,
2499834,2499834,0,,2499841,2499830,0,,2499814,2499814,0,,2499835,2499814,0,,2499815,2499816,0,,12499139,12499108,0,1674880472,2399832384,0,0,0,0,
2499834,2499834,0,,2499836,2499831,0,,2499815,2499815,0,,2499814,2499814,0,,2499814,2499813,0,,12499113,12499107,0,1674880606,2399826048,0,0,0,0,
2499830,2499830,0,,2499836,2499836,0,,2499820,2499821,0,,2499821,2499822,0,,2499821,2499822,0,,12499128,12499131,0,1674883420,2399834496,0,0,0,0,
2499828,2499828,0,,2499824,2499830,0,,2499794,2499812,0,,2499802,2499814,0,,2499798,2499813,0,,12499046,12499097,0,1674876318,2399824128,0,0,0,0,
2499824,2499824,0,,2499820,2499830,0,,2499811,2499807,0,,2499806,2499810,0,,2499811,2499811,0,,12499072,12499082,0,1674872968,2399823744,0,0,0,0,
2499820,2499820,0,,2499821,2499813,0,,2499813,2499801,0,,2499810,2499800,0,,2499810,2499794,0,,12499074,12499028,0,1674874308,2399817600,0,0,0,0,
2499830,2499830,0,,2499831,2499823,0,,2499814,2499815,0,,2499815,2499813,0,,2499813,2499816,0,,12499103,12499097,0,1674879802,2399824128,0,0,0,0,
2499655,2499655,0,,2499655,2499656,0,,2499640,2499637,0,,2499639,2499635,0,,2492659,2492656,0,,12491248,12491239,0,1673826964,2398322688,6982,0,0,0,
2499827,2499827,0,,2499823,2499830,0,,2499815,2499814,0,,2499814,2499813,0,,2499813,2499813,0,,12499092,12499097,0,1674879266,2399820096,0,0,0,0,
2499817,2499817,0,,2499813,2499814,0,,2499794,2499814,0,,2499792,2499806,0,,2499794,2499815,0,,12499010,12499066,0,1674867474,2399823744,0,0,0,0,
2499673,2499673,0,,2499831,2499829,0,,2499810,2499796,0,,2499812,2499806,0,,2499813,2499792,0,,12498939,12498896,0,1674857424,2399787648,149,0,0,0,
2499835,2499835,0,,2499835,2499829,0,,2499820,2499815,0,,2499820,2499815,0,,2496002,2496002,0,,12495312,12495296,0,1674371674,2399098368,3816,0,0,0,
342384,342384,0,,342384,342383,0,,342380,342379,0,,342381,342378,0,,342380,342380,0,,1711909,1711904,0,229395136,328681344,0,0,0,0,
0,0,0,,0,0,0,,0,0,0,,0,0,0,,0,0,0,,0,0,0,0,0,0,0,0,0,
0,0,0,,0,0,0,,0,0,0,,0,0,0,,0,0,0,,0,0,0,0,0,0,0,0,0,
1529552,1529552,0,,1529553,1529553,0,,1529542,1529548,0,,1529542,1529545,0,,1523675,1523680,0,,7641864,7641878,0,1024010848,1467243456,5868,0,0,0,
2764402,2764402,0,,2764497,2764498,0,,2764481,2764482,0,,2764482,2764488,0,,2764481,2764485,0,,13822343,13822355,0,1852192890,2653891200,96,0,0,0,
2764358,2764358,0,,2764485,2764502,0,,2764465,2764479,0,,2764465,2764476,0,,2764484,2764480,0,,13822257,13822295,0,1852190344,2653878720,120,0,0,0,
2764349,2764349,0,,2764497,2764498,0,,2764482,2764480,0,,2764489,2764480,0,,2764470,2764475,0,,13822287,13822282,0,1852183644,2653878144,106,0,0,0,
2764420,2764420,0,,2764497,2764503,0,,2764505,2764497,0,,2764493,2764494,0,,2751574,2751583,0,,13809489,13809497,0,1850469516,2651426880,13000,0,0,0,
2759106,2759106,0,,2764048,2764029,0,,2764007,2763998,0,,2764011,2763999,0,,2738858,2738846,0,,13790030,13789978,0,1847862144,2647675200,30136,0,0,0,
2762140,2762140,0,,2764260,2764265,0,,2764244,2764242,0,,2764235,2764248,0,,2738053,2738055,0,,13792932,13792950,0,1848251682,2648246400,28308,0,0,0,
2758942,2758942,0,,2763999,2763989,0,,2763980,2763981,0,,2763987,2763974,0,,2737966,2737958,0,,13788874,13788844,0,1847709652,2647458048,31081,0,0,0,
2760002,2760002,0,,2764245,2764262,0,,2764224,2764241,0,,2764219,2764238,0,,2751197,2751212,0,,13803887,13803955,0,1849720322,2650356480,16529,0,0,0,
2763873,2763873,0,,2764496,2764504,0,,2764488,2764488,0,,2764498,2764489,0,,2764494,2764486,0,,13821849,13821840,0,1852132590,2653793280,923,0,0,0,
2764619,2764619,0,,2764498,2764492,0,,2764488,2764480,0,,2764472,2764480,0,,2764473,2764480,0,,13822550,13822551,0,1852216876,2653929792,333,0,0,0,
2763707,2763707,0,,2764503,2764495,0,,2764478,2764478,0,,2764486,2764487,0,,2764479,2764485,0,,13821653,13821652,0,1852104450,2653759872,87,0,0,0,
2763640,2763640,0,,2764498,2764486,0,,2764474,2764464,0,,2764473,2764454,0,,2764477,2764456,0,,13821562,13821500,0,1852086360,2653735104,1498,0,0,0,
2764019,2764019,0,,2764504,2764504,0,,2764486,2764487,0,,2764486,2764488,0,,2764486,2764486,0,,13821981,13821984,0,1852145856,2653813632,454,0,0,0,
2764322,2764322,0,,2764486,2764498,0,,2764467,2764479,0,,2764467,2764478,0,,2764462,2764480,0,,13822204,13822257,0,1852174934,2653870848,239,0,0,0,
2764305,2764305,0,,2764508,2764503,0,,2764488,2764486,0,,2764486,2764487,0,,2764505,2764487,0,,13822292,13822268,0,1852191416,2653875456,219,0,0,0,
2764221,2764221,0,,2764511,2764522,0,,2764500,2764506,0,,2764500,2764505,0,,2764485,2764499,0,,13822217,13822253,0,1852174666,2653872576,216,0,0,0,
2764147,2764147,0,,2764523,2764505,0,,2764503,2764486,0,,2764488,2764487,0,,2764507,2764494,0,,13822168,13822119,0,1852171316,2653850112,226,0,0,0,
2764426,2764426,0,,2764504,2764509,0,,2764486,2764487,0,,2764504,2764489,0,,2764489,2764488,0,,13822409,13822399,0,1852201198,2653902336,300,0,0,0,
2764447,2764447,0,,2764498,2764500,0,,2764483,2764493,0,,2764480,2764491,0,,2764477,2764490,0,,13822385,13822421,0,1852198518,2653899840,50,0,0,0,
2764424,2764424,0,,2764487,2764496,0,,2764484,2764477,0,,2764487,2764478,0,,2764487,2764480,0,,13822369,13822355,0,1852199590,2653894272,80,0,0,0,
2764433,2764433,0,,2764493,2764498,0,,2764477,2764476,0,,2764467,2764475,0,,2764460,2764473,0,,13822330,13822355,0,1852195838,2653890048,8,0,0,0,
2764190,2764190,0,,2764525,2764504,0,,2764489,2764489,0,,2764499,2764492,0,,2764506,2764493,0,,13822209,13822168,0,1852170646,2653858368,371,0,0,0,
2764446,2764446,0,,2764486,2764497,0,,2764461,2764476,0,,2764459,2764474,0,,2764464,2764474,0,,13822316,13822367,0,1852192354,2653892352,40,0,0,0,
2764487,2764487,0,,2764515,2764504,0,,2764506,2764497,0,,2764482,2764486,0,,2764502,2764492,0,,13822492,13822466,0,1852214866,2653916352,28,0,0,0,
2764422,2764422,0,,2764498,2764499,0,,2764480,2764471,0,,2764505,2764481,0,,2764480,2764475,0,,13822385,13822348,0,1852196508,2653890240,76,0,0,0,
2764397,2764397,0,,2764504,2764503,0,,2764486,2764488,0,,2764487,2764487,0,,2764487,2764494,0,,13822361,13822369,0,1852196374,2653899840,56,0,0,0,
2764477,2764477,0,,2764497,2764498,0,,2764480,2764479,0,,2764480,2764482,0,,2764481,2764473,0,,13822415,13822409,0,1852203476,2653898880,71,0,0,0,
2764435,2764435,0,,2764504,2764504,0,,2764486,2764489,0,,2764487,2764491,0,,2764486,2764490,0,,13822398,13822409,0,1852202404,2653902720,69,0,0,0,
2764498,2764498,0,,2764498,2764498,0,,2764480,2764478,0,,2764479,2764478,0,,2764480,2764476,0,,13822435,13822428,0,1852205486,2653905600,0,0,0,0,
2764465,2764465,0,,2764503,2764505,0,,2764487,2764487,0,,2764487,2764488,0,,2764485,2764489,0,,13822427,13822434,0,1852206022,2653908672,38,0,0,0,
2764424,2764424,0,,2764478,2764495,0,,2764480,2764480,0,,2764457,2764473,0,,2764480,2764476,0,,13822319,13822348,0,1852195570,2653889664,27,0,0,0,
2764472,2764472,0,,2764523,2764509,0,,2764486,2764491,0,,2764509,2764492,0,,2764487,2764493,0,,13822477,13822457,0,1852205888,2653908288,79,0,0,0,
2764503,2764503,0,,2764504,2764498,0,,2764487,2764480,0,,2764486,2764481,0,,2764486,2764481,0,,13822466,13822443,0,1852210578,2653912128,0,0,0,0,
2764498,2764498,0,,2764498,2764502,0,,2764480,2764483,0,,2764481,2764480,0,,2764480,2764479,0,,13822437,13822442,0,1852206826,2653910016,0,0,0,0,
2764467,2764467,0,,2764503,2764500,0,,2764486,2764484,0,,2764486,2764487,0,,2764487,2764489,0,,13822429,13822427,0,1852205620,2653904640,36,0,0,0,
2764473,2764473,0,,2764483,2764497,0,,2764455,2764474,0,,2764464,2764479,0,,2764459,2764475,0,,13822334,13822398,0,1852197312,2653899072,15,0,0,0,
2764384,2764384,0,,2764505,2764490,0,,2764486,2764485,0,,2764490,2764474,0,,2764484,2764480,0,,13822349,13822313,0,1852191550,2653889280,114,0,0,0,
2764303,2764303,0,,2764512,2764512,0,,2764506,2764487,0,,2764492,2764495,0,,2764501,2764496,0,,13822314,13822293,0,1852188602,2653876224,153,0,0,0,
2764362,2764362,0,,2764503,2764503,0,,2764486,2764486,0,,2764487,2764484,0,,2764488,2764481,0,,13822326,13822316,0,1852191550,2653885248,199,0,0,0,
2764350,2764350,0,,2764478,2764496,0,,2764460,2764480,0,,2764463,2764480,0,,2762662,2762677,0,,13820413,13820483,0,1851937352,2653529472,1889,0,0,0,
2764383,2764383,0,,2764510,2764505,0,,2764506,2764486,0,,2764490,2764486,0,,2764485,2764491,0,,13822374,13822351,0,1852199322,2653891776,165,0,0,0,
2764375,2764375,0,,2764518,2764523,0,,2764483,2764500,0,,2764499,2764499,0,,2764508,2764498,0,,13822383,13822395,0,1852197580,2653899456,47,0,0,0,
2764470,2764470,0,,2764497,2764492,0,,2764484,2764482,0,,2764480,2764480,0,,2764489,2764495,0,,13822420,13822419,0,1852208032,2653909824,130,0,0,0,
2764427,2764427,0,,2764507,2764510,0,,2764481,2764480,0,,2764496,2764483,0,,2764487,2764480,0,,13822398,13822380,0,1852197714,2653895424,69,0,0,0,
2764398,2764398,0,,2764494,2764487,0,,2764489,2764475,0,,2764471,2764481,0,,2764471,2764473,0,,13822323,13822314,0,1852190612,2653884672,98,0,0,0,
2764425,2764425,0,,2764509,2764500,0,,2764482,2764488,0,,2764487,2764485,0,,2764494,2764480,0,,13822397,13822378,0,1852200796,2653900608,81,0,0,0,
2764098,2764098,0,,2764518,2764518,0,,2764506,2764500,0,,2764505,2764497,0,,2764500,2764508,0,,13822127,13822121,0,1852164214,2653843968,81,0,0,0,
2762503,2762503,0,,2764272,2764275,0,,2764254,2764254,0,,2764253,2764257,0,,2737686,2737682,0,,13792968,13792971,0,1848258650,2648246400,28677,0,0,0,
2764273,2764273,0,,2764484,2764495,0,,2764474,2764474,0,,2764467,2764476,0,,2764465,2764476,0,,13822163,13822194,0,1852168904,2653861248,125,0,0,0,
2763838,2763838,0,,2764524,2764529,0,,2764502,2764517,0,,2764500,2764487,0,,2764506,2764505,0,,13821870,13821876,0,1852130580,2653804032,756,0,0,0,
2763070,2763070,0,,2764523,2764523,0,,2764502,2764506,0,,2764510,2764531,0,,2764510,2764513,0,,13821115,13821143,0,1852029410,2653654656,1211,0,0,0,
2764400,2764400,0,,2764500,2764497,0,,2764492,2764486,0,,2764487,2764486,0,,2751865,2751863,0,,13809744,13809732,0,1850507840,2651469888,12993,0,0,0,
2764190,2764190,0,,2764514,2764505,0,,2764473,2764478,0,,2764484,2764480,0,,2738789,2738790,0,,13796450,13796443,0,1848730062,2648921088,25979,0,0,0,
2764377,2764377,0,,2764513,2764506,0,,2764507,2764495,0,,2764503,2764501,0,,2764505,2764500,0,,13822405,13822379,0,1852195168,2653894080,156,0,0,0,
2764411,2764411,0,,2764496,2764496,0,,2764480,2764476,0,,2764481,2764467,0,,2764477,2764469,0,,13822345,13822319,0,1852194096,2653887168,87,0,0,0,
2764249,2764249,0,,2764497,2764502,0,,2764467,2764484,0,,2764481,2764485,0,,2764468,2764484,0,,13822162,13822204,0,1852174666,2653859136,247,0,0,0,
2764428,2764428,0,,2764503,2764505,0,,2764499,2764486,0,,2764488,2764484,0,,2764500,2764487,0,,13822418,13822390,0,1852200930,2653903488,78,0,0,0,
2764503,2764503,0,,2764504,2764497,0,,2764488,2764484,0,,2764482,2764485,0,,2764487,2764481,0,,13822464,13822450,0,1852208300,2653913664,0,0,0,0,
2764503,2764503,0,,2764485,2764503,0,,2764485,2764483,0,,2764487,2764484,0,,2764485,2764485,0,,13822445,13822458,0,1852209372,2653910208,0,0,0,0,
2764474,2764474,0,,2764516,2764500,0,,2764481,2764481,0,,2764481,2764481,0,,2764480,2764486,0,,13822432,13822422,0,1852203744,2653901184,24,0,0,0,
2764404,2764404,0,,2764507,2764514,0,,2764485,2764500,0,,2764493,2764511,0,,2764486,2764490,0,,13822375,13822419,0,1852200528,2653902144,106,0,0,0,
2182958,2182958,0,,2183012,2183003,0,,2183002,2182987,0,,2182994,2182976,0,,2183002,2182992,0,,10914968,10914916,0,1462603166,2095663296,51,0,0,0,
0,0,0,,0,0,0,,0,0,0,,0,0,0,,0,0,0,,0,0,0,0,0,0,0,0,0,
0,0,0,,0,0,0,,0,0,0,,0,0,0,,0,0,0,,0,0,0,0,0,0,0,0,0,
0,0,0,,0,0,0,,0,0,0,,0,0,0,,0,0,0,,0,0,0,0,0,0,0,0,0,
2436673,2436673,0,,2523440,2523461,0,,2523433,2523450,0,,2476567,2476599,0,,2523449,2523450,0,,12483562,12483633,0,1672802534,2396857728,131982,0,0,0,
2781848,2781848,0,,2883237,2883229,0,,2883206,2883206,0,,2836911,2836911,0,,2883197,2883206,0,,14268399,14268400,0,1911960240,2739532992,147634,0,0,0,
2787244,2787244,0,,2883224,2883231,0,,2883215,2883213,0,,2833792,2833792,0,,2883197,2883206,0,,14270672,14270686,0,1912270048,2739971520,145420,0,0,0,
2789267,2789267,0,,2883234,2883231,0,,2883210,2883213,0,,2835649,2835646,0,,2883232,2883219,0,,14274592,14274576,0,1912800822,2740718400,141472,0,0,0,
2786866,2786866,0,,2883113,2883128,0,,2883237,2883238,0,,2833880,2833880,0,,2883185,2883211,0,,14270281,14270323,0,1912212160,2739902016,145794,0,0,0,
2770337,2770337,0,,2883276,2883275,0,,2883174,2883181,0,,2818328,2818331,0,,2883241,2883222,0,,14238356,14238346,0,1907943188,2733762432,177714,0,0,0,
2789569,2789569,0,,2883294,2883282,0,,2883213,2883209,0,,2831108,2831106,0,,2883212,2883199,0,,14270396,14270365,0,1912239496,2739911616,145715,0,0,0,
2793287,2793287,0,,2883252,2883238,0,,2883238,2883222,0,,2833549,2833551,0,,2883214,2883220,0,,14276540,14276518,0,1913047918,2741089920,139634,0,0,0,
2778193,2778193,0,,2883231,2883226,0,,2883214,2883208,0,,2823252,2823251,0,,2883213,2883213,0,,14251103,14251091,0,1909646328,2736211392,165047,0,0,0,
2783454,2783454,0,,2882718,2882749,0,,2883065,2883065,0,,2822942,2822943,0,,2850507,2850505,0,,14222686,14222716,0,1905839924,2730761088,192270,0,0,0,
2775983,2775983,0,,2882156,2882129,0,,2882772,2882778,0,,2818541,2818540,0,,2829900,2829896,0,,14189352,14189326,0,1901373704,2724352704,224972,0,0,0,
2785922,2785922,0,,2883238,2883253,0,,2883224,2883231,0,,2817972,2817971,0,,2865045,2865054,0,,14235401,14235431,0,1907547218,2733199104,180762,0,0,0,
2794783,2794783,0,,2883247,2883228,0,,2883226,2883223,0,,2827543,2827513,0,,2883222,2883213,0,,14272021,14271960,0,1912446794,2740228800,144125,0,0,0,
2787048,2787048,0,,2883208,2883234,0,,2883215,2883219,0,,2818248,2818280,0,,2883187,2883213,0,,14254906,14254994,0,1910160888,2736951360,161187,0,0,0,
2782432,2782432,0,,2883244,2883230,0,,2883191,2883196,0,,2815995,2815993,0,,2883219,2883212,0,,14248081,14248063,0,1909246070,2735623488,167945,0,0,0,
2780468,2780468,0,,2883224,2883212,0,,2883213,2883207,0,,2813824,2813825,0,,2883211,2883207,0,,14243940,14243919,0,1908681260,2734834752,172127,0,0,0,
2788185,2788185,0,,2883212,2883243,0,,2883209,2883212,0,,2821890,2821891,0,,2883215,2883213,0,,14259711,14259744,0,1910801274,2737868160,156391,0,0,0,
2784963,2784963,0,,2883244,2883232,0,,2883210,2883213,0,,2825359,2825359,0,,2883207,2883213,0,,14259983,14259980,0,1910842814,2737916160,156104,0,0,0,
2777319,2777319,0,,2883250,2883231,0,,2883216,2883213,0,,2826085,2826085,0,,2883232,2883213,0,,14253102,14253061,0,1909912720,2736588672,163117,0,0,0,
2769493,2769493,0,,2883213,2883231,0,,2883216,2883213,0,,2834239,2834236,0,,2883212,2883212,0,,14253373,14253385,0,1909951580,2736649536,162628,0,0,0,
2756617,2756617,0,,2883179,2883193,0,,2883194,2883195,0,,2824979,2824982,0,,2883163,2883177,0,,14231132,14231164,0,1906971822,2732382912,184860,0,0,0,
2761185,2761185,0,,2883295,2883263,0,,2883238,2883224,0,,2823477,2823476,0,,2882774,2882792,0,,14233969,14233940,0,1907350238,2732917248,181716,0,0,0,
2782058,2782058,0,,2883217,2883231,0,,2883208,2883213,0,,2826949,2826950,0,,2883662,2883642,0,,14259094,14259094,0,1910720606,2737745280,157569,0,0,0,
2785978,2785978,0,,2883226,2883231,0,,2883195,2883202,0,,2823692,2823692,0,,2883209,2883213,0,,14259300,14259316,0,1910745530,2737790400,156738,0,0,0,
2783023,2783023,0,,2883050,2883063,0,,2883203,2883191,0,,2817331,2817331,0,,2883197,2883181,0,,14249804,14249789,0,1909476550,2735964864,166580,0,0,0,
2781421,2781421,0,,2883348,2883342,0,,2883203,2883213,0,,2815696,2815696,0,,2883200,2883213,0,,14246868,14246885,0,1909080714,2735399616,168753,0,0,0,
2791363,2791363,0,,2883282,2883269,0,,2883227,2883232,0,,2825004,2825003,0,,2883234,2883237,0,,14266110,14266104,0,1911655658,2739087168,150110,0,0,0,
2797628,2797628,0,,2883257,2883248,0,,2883234,2883219,0,,2827553,2827551,0,,2883212,2883214,0,,14274884,14274860,0,1912835662,2740778112,141352,0,0,0,
2796117,2796117,0,,2883210,2883226,0,,2883194,2883213,0,,2827348,2827351,0,,2883223,2883213,0,,14273092,14273120,0,1912591380,2740434048,142916,0,0,0,
2784332,2784332,0,,2883177,2883189,0,,2883226,2883213,0,,2818202,2818202,0,,2883210,2883209,0,,14252147,14252145,0,1909788636,2736415296,163868,0,0,0,
2787354,2787354,0,,2883275,2883256,0,,2883190,2883206,0,,2818763,2818760,0,,2883198,2883210,0,,14255780,14255786,0,1910275324,2737109760,160329,0,0,0,
2789670,2789670,0,,2883156,2883174,0,,2883197,2883188,0,,2820381,2820383,0,,2883198,2883187,0,,14259602,14259602,0,1910784926,2737841280,156382,0,0,0,
2792848,2792848,0,,2883318,2883299,0,,2883237,2883238,0,,2825418,2825419,0,,2883230,2883239,0,,14268051,14268043,0,1911918834,2739464256,148271,0,0,0,
2797361,2797361,0,,2883224,2883231,0,,2883206,2883213,0,,2828261,2828261,0,,2883217,2883212,0,,14275269,14275278,0,1912886046,2740853376,140769,0,0,0,
2799456,2799456,0,,2883197,2883200,0,,2883190,2883181,0,,2828355,2828354,0,,2883192,2883181,0,,14277390,14277372,0,1913178970,2741256192,138597,0,0,0,
2785019,2785019,0,,2883234,2883231,0,,2883218,2883206,0,,2815965,2815964,0,,2883208,2883207,0,,14250644,14250627,0,1909577586,2736121920,165425,0,0,0,
2785756,2785756,0,,2883229,2883224,0,,2883203,2883219,0,,2819480,2819479,0,,2883202,2883216,0,,14254870,14254894,0,1910152580,2736937344,161227,0,0,0,
2786339,2786339,0,,2883226,2883216,0,,2883203,2883192,0,,2820546,2820517,0,,2883204,2883195,0,,14256518,14256459,0,1910375288,2737247424,159584,0,0,0,
2783285,2783285,0,,2883176,2883204,0,,2883190,2883202,0,,2819245,2819275,0,,2883181,2883200,0,,14252077,14252166,0,1909778720,2736408576,163855,0,0,0,
2792945,2792945,0,,2883283,2883261,0,,2883233,2883227,0,,2824513,2824515,0,,2883244,2883220,0,,14267218,14267168,0,1911809222,2739306240,148985,0,0,0,
2792794,2792794,0,,2883169,2883190,0,,2883184,2883196,0,,2825052,2825052,0,,2883181,2883207,0,,14267380,14267439,0,1911828920,2739338304,148515,0,0,0,
2787585,2787585,0,,2883273,2883258,0,,2883228,2883215,0,,2819778,2819777,0,,2883228,2883213,0,,14257092,14257048,0,1910450998,2737353600,159098,0,0,0,
2796465,2796465,0,,2883222,2883220,0,,2883200,2883203,0,,2827580,2827581,0,,2883198,2883200,0,,14273665,14273669,0,1912667894,2740545024,142398,0,0,0,
2791043,2791043,0,,2883225,2883211,0,,2883204,2883193,0,,2826345,2826345,0,,2883206,2883193,0,,14267023,14266985,0,1911779608,2739266112,149028,0,0,0,
2793468,2793468,0,,2883231,2883246,0,,2883219,2883236,0,,2825987,2825987,0,,2883215,2883227,0,,14269120,14269164,0,1912066100,2739673536,146998,0,0,0,
2792986,2792986,0,,2883231,2883216,0,,2883206,2883193,0,,2827601,2827599,0,,2883212,2883200,0,,14270236,14270194,0,1912207336,2739881088,145825,0,0,0,
2795261,2795261,0,,2883248,2883256,0,,2883220,2883233,0,,2827645,2827647,0,,2883233,2883237,0,,14272607,14272634,0,1912533492,2740341888,143582,0,0,0,
2795244,2795244,0,,2883220,2883231,0,,2883214,2883213,0,,2835053,2835050,0,,2883199,2883213,0,,14279930,14279951,0,1913506466,2741750592,136148,0,0,0,
2793007,2793007,0,,2883244,2883235,0,,2883224,2883209,0,,2835346,2835349,0,,2883227,2883219,0,,14278048,14278019,0,1913258834,2741382720,138206,0,0,0,
2792882,2792882,0,,2883232,2883222,0,,2883221,2883218,0,,2835429,2835397,0,,2883219,2883209,0,,14277983,14277928,0,1913249320,2741376192,138089,0,0,0,
2785941,2785941,0,,2883230,2883230,0,,2883205,2883205,0,,2835722,2835754,0,,2883204,2883216,0,,14271302,14271346,0,1912354468,2740086336,144709,0,0,0,
2788312,2788312,0,,2883213,2883231,0,,2883193,2883210,0,,2836675,2836675,0,,2883199,2883201,0,,14274592,14274629,0,1912801894,2740724160,141430,0,0,0,
2788222,2788222,0,,2883217,2883211,0,,2883203,2883186,0,,2836053,2836053,0,,2883198,2883184,0,,14273893,14273856,0,1912695096,2740587456,142147,0,0,0,
2786704,2786704,0,,2883214,2883219,0,,2883197,2883210,0,,2836000,2835998,0,,2883197,2883210,0,,14272312,14272341,0,1912495838,2740283328,143735,0,0,0,
2794219,2794219,0,,2883165,2883178,0,,2883207,2883213,0,,2834363,2834363,0,,2883213,2883212,0,,14278167,14278185,0,1913269956,2741410176,137809,0,0,0,
2791222,2791222,0,,2883293,2883279,0,,2883217,2883213,0,,2832087,2832089,0,,2883218,2883213,0,,14273037,14273016,0,1912591782,2740425024,143203,0,0,0,
2794359,2794359,0,,2883256,2883240,0,,2883233,2883218,0,,2836173,2836173,0,,2883221,2883221,0,,14280242,14280211,0,1913551222,2741812032,135933,0,0,0,
2796430,2796430,0,,2883216,2883224,0,,2883201,2883213,0,,2829333,2829333,0,,2883203,2883206,0,,14275383,14275406,0,1912898508,2740860480,140665,0,0,0,
2795845,2795845,0,,2883223,2883228,0,,2883213,2883201,0,,2827349,2827346,0,,2883215,2883205,0,,14272845,14272825,0,1912560560,2740384512,143266,0,0,0,
2796890,2796890,0,,2883218,2883220,0,,2883187,2883208,0,,2827576,2827579,0,,2883191,2883212,0,,14274062,14274109,0,1912728864,2740634688,141962,0,0,0,
2797731,2797731,0,,2883244,2883241,0,,2883225,2883217,0,,2827660,2827660,0,,2883216,2883214,0,,14275076,14275063,0,1912853886,2740804224,140980,0,0,0,
2795558,2795558,0,,2883240,2883234,0,,2883226,2883216,0,,2828387,2828385,0,,2883232,2883213,0,,14273643,14273606,0,1912669368,2740536960,142504,0,0,0,
1274755,1274755,0,,1313721,1313715,0,,1313709,1313706,0,,1289397,1289367,0,,1313708,1313708,0,,6505290,6505251,0,871707654,1249003584,65017,0,0,0,
0,0,0,,0,0,0,,0,0,0,,0,0,0,,0,0,0,,0,0,0,0,0,0,0,0,0,
0,0,0,,0,0,0,,0,0,0,,0,0,0,,0,0,0,,0,0,0,0,0,0,0,0,0,
0,0,0,,0,0,0,,0,0,0,,0,0,0,,0,0,0,,0,0,0,0,0,0,0,0,0,
